timestamp,Realized Price [USD],Price [USD]
1288569600000,0.07,0.2
1288656000000,0.07,0.19
1288742400000,0.07,0.19
1288828800000,0.07,0.23
1288915200000,0.07,0.26
1289001600000,0.08,0.39
1289088000000,0.08,0.34
1289174400000,0.08,0.24
1289260800000,0.08,0.21
1289347200000,0.08,0.24
1289433600000,0.08,0.22
1289520000000,0.08,0.27
1289606400000,0.09,0.28
1289692800000,0.09,0.28
1289779200000,0.09,0.27
1289865600000,0.09,0.22
1289952000000,0.09,0.23
1290038400000,0.09,0.27
1290124800000,0.09,0.28
1290211200000,0.09,0.28
1290297600000,0.09,0.28
1290384000000,0.09,0.29
1290470400000,0.09,0.28
1290556800000,0.09,0.28
1290643200000,0.09,0.28
1290729600000,0.1,0.28
1290816000000,0.1,0.28
1290902400000,0.1,0.27
1290988800000,0.1,0.23
1291075200000,0.1,0.21
1291161600000,0.1,0.23
1291248000000,0.1,0.26
1291334400000,0.1,0.25
1291420800000,0.1,0.2
1291507200000,0.1,0.19
1291593600000,0.1,0.2
1291680000000,0.1,0.23
1291766400000,0.1,0.24
1291852800000,0.1,0.2
1291939200000,0.1,0.2
1292025600000,0.1,0.23
1292112000000,0.1,0.22
1292198400000,0.1,0.23
1292284800000,0.1,0.25
1292371200000,0.1,0.24
1292457600000,0.1,0.25
1292544000000,0.1,0.24
1292630400000,0.1,0.24
1292716800000,0.1,0.24
1292803200000,0.11,0.27
1292889600000,0.11,0.24
1292976000000,0.11,0.25
1293062400000,0.11,0.25
1293148800000,0.11,0.25
1293235200000,0.11,0.25
1293321600000,0.11,0.27
1293408000000,0.11,0.27
1293494400000,0.11,0.28
1293580800000,0.11,0.3
1293667200000,0.11,0.3
1293753600000,0.11,0.3
1293840000000,0.11,0.3
1293926400000,0.11,0.3
1294012800000,0.11,0.29
1294099200000,0.11,0.3
1294185600000,0.11,0.3
1294272000000,0.11,0.3
1294358400000,0.11,0.32
1294444800000,0.12,0.32
1294531200000,0.12,0.32
1294617600000,0.12,0.33
1294704000000,0.12,0.33
1294790400000,0.12,0.32
1294876800000,0.12,0.32
1294963200000,0.12,0.4
1295049600000,0.12,0.39
1295136000000,0.12,0.39
1295222400000,0.13,0.35
1295308800000,0.13,0.31
1295395200000,0.13,0.31
1295481600000,0.13,0.39
1295568000000,0.13,0.42
1295654400000,0.13,0.44
1295740800000,0.13,0.44
1295827200000,0.13,0.42
1295913600000,0.13,0.41
1296000000000,0.14,0.42
1296086400000,0.15,0.42
1296172800000,0.15,0.45
1296259200000,0.16,0.44
1296345600000,0.16,0.48
1296432000000,0.16,0.52
1296518400000,0.16,0.7
1296604800000,0.17,0.72
1296691200000,0.17,0.69
1296777600000,0.17,0.81
1296864000000,0.18,0.92
1296950400000,0.18,0.9
1297036800000,0.19,0.89
1297123200000,0.2,0.92
1297209600000,0.2,1.09
1297296000000,0.21,0.98
1297382400000,0.21,1.07
1297468800000,0.21,1.08
1297555200000,0.22,1.05
1297641600000,0.23,1.07
1297728000000,0.23,1.05
1297814400000,0.23,1.04
1297900800000,0.23,1.04
1297987200000,0.23,0.9
1298073600000,0.24,0.95
1298160000000,0.24,0.85
1298246400000,0.24,0.83
1298332800000,0.24,0.87
1298419200000,0.24,0.9
1298505600000,0.24,1
1298592000000,0.25,0.91
1298678400000,0.25,0.96
1298764800000,0.25,0.89
1298851200000,0.26,0.86
1298937600000,0.29,0.92
1299024000000,0.29,0.94
1299110400000,0.29,0.94
1299196800000,0.29,0.9
1299283200000,0.3,0.91
1299369600000,0.3,0.9
1299456000000,0.3,0.89
1299542400000,0.3,0.87
1299628800000,0.3,0.86
1299715200000,0.3,0.93
1299801600000,0.3,0.88
1299888000000,0.31,0.92
1299974400000,0.31,0.89
1300060800000,0.31,0.89
1300147200000,0.31,0.87
1300233600000,0.32,0.86
1300320000000,0.32,0.83
1300406400000,0.32,0.82
1300492800000,0.32,0.77
1300579200000,0.32,0.74
1300665600000,0.32,0.76
1300752000000,0.32,0.81
1300838400000,0.32,0.85
1300924800000,0.32,0.87
1301011200000,0.33,0.88
1301097600000,0.33,0.86
1301184000000,0.33,0.82
1301270400000,0.33,0.8
1301356800000,0.33,0.79
1301443200000,0.33,0.79
1301529600000,0.33,0.78
1301616000000,0.33,0.77
1301702400000,0.33,0.78
1301788800000,0.33,0.78
1301875200000,0.33,0.68
1301961600000,0.34,0.71
1302048000000,0.34,0.74
1302134400000,0.34,0.75
1302220800000,0.34,0.75
1302307200000,0.34,0.73
1302393600000,0.34,0.74
1302480000000,0.34,0.77
1302566400000,0.34,0.86
1302652800000,0.34,0.92
1302739200000,0.35,1
1302825600000,0.35,0.99
1302912000000,0.35,1.05
1302998400000,0.36,1.11
1303084800000,0.36,1.16
1303171200000,0.37,1.2
1303257600000,0.37,1.14
1303344000000,0.37,1.21
1303430400000,0.38,1.41
1303516800000,0.39,1.7
1303603200000,0.4,1.63
1303689600000,0.4,1.56
1303776000000,0.41,1.79
1303862400000,0.42,1.9
1303948800000,0.43,2.21
1304035200000,0.56,2.88
1304121600000,0.63,3.5
1304208000000,0.64,3.03
1304294400000,0.65,3.2
1304380800000,0.68,3.41
1304467200000,0.72,3.41
1304553600000,0.74,3.33
1304640000000,0.77,3.45
1304726400000,0.78,3.64
1304812800000,0.8,3.87
1304899200000,0.82,3.8
1304985600000,0.93,5.81
1305072000000,0.97,5.5
1305158400000,1.04,6.3
1305244800000,1.22,8.2
1305331200000,1.24,7.2
1305417600000,1.32,6.99
1305504000000,1.43,8.03
1305590400000,1.47,7.19
1305676800000,1.5,6.88
1305763200000,1.52,6.8
1305849600000,1.54,5.59
1305936000000,1.52,6.12
1306022400000,1.57,6.69
1306108800000,1.6,7.15
1306195200000,1.63,7.42
1306281600000,1.67,8.4
1306368000000,1.72,8.8
1306454400000,1.82,8.5
1306540800000,1.83,8.3
1306627200000,1.85,8.43
1306713600000,1.88,8.8
1306800000000,1.92,8.74
1306886400000,1.95,9.57
1306972800000,2.03,10.6
1307059200000,2.24,14.29
1307145600000,2.39,18.89
1307232000000,2.55,16.7
1307318400000,3.09,18.55
1307404800000,3.26,23.92
1307491200000,3.98,29.6
1307577600000,4.4,28.92
1307664000000,4.72,23.95
1307750400000,4.68,14.65
1307836800000,5.23,18.55
1307923200000,5.42,19.84
1308009600000,5.83,19.28
1308096000000,6.21,19.49
1308182400000,6.28,17
1308268800000,6.36,15.68
1308355200000,6.41,16.89
1308441600000,6.52,17.51
1308528000000,6.57,17.51
1308614400000,6.65,17.51
1308700800000,6.68,17.51
1308787200000,6.71,17.51
1308873600000,6.76,17.51
1308960000000,6.78,17.51
1309046400000,6.82,16.45
1309132800000,6.93,16.75
1309219200000,7.01,16.95
1309305600000,7.06,16.84
1309392000000,7.11,16.1
1309478400000,7.1,15.4
1309564800000,7.1,15.4
1309651200000,7.12,15.44
1309737600000,7.09,13.86
1309824000000,7.11,12.91
1309910400000,7.13,14.78
1309996800000,7.14,14.78
1310083200000,7.14,14.31
1310169600000,7.15,14.38
1310256000000,7.19,14.9
1310342400000,7.2,14.21
1310428800000,7.21,14.01
1310515200000,7.22,13.95
1310601600000,7.23,13.99
1310688000000,7.24,13.81
1310774400000,7.24,13.72
1310860800000,7.25,13.16
1310947200000,7.02,13.48
1311033600000,7.04,13.85
1311120000000,6.97,13.69
1311206400000,6.97,13.61
1311292800000,6.98,13.7
1311379200000,6.99,13.68
1311465600000,7,13.98
1311552000000,7.01,14.05
1311638400000,7.02,13.88
1311724800000,7.04,13.94
1311811200000,7.03,13.49
1311897600000,7.04,13.5
1311984000000,7.06,13.53
1312070400000,7.06,13.35
1312156800000,7.06,13.09
1312243200000,7.05,12.05
1312329600000,6.98,9.26
1312416000000,6.98,10.75
1312502400000,6.95,9.8
1312588800000,6.87,6.55
1312675200000,6.83,7.9
1312761600000,6.73,7.8
1312848000000,6.75,9.99
1312934400000,6.75,9.98
1313020800000,6.74,9.46
1313107200000,6.74,9.46
1313193600000,6.75,10.13
1313280000000,6.75,10.8
1313366400000,6.77,11.15
1313452800000,6.78,10.96
1313539200000,6.79,10.95
1313625600000,6.8,10.83
1313712000000,6.81,11.65
1313798400000,6.82,11.45
1313884800000,6.82,11.31
1313971200000,6.83,10.89
1314057600000,6.83,10.94
1314144000000,6.83,10.85
1314230400000,6.88,9.66
1314316800000,6.89,8.18
1314403200000,6.51,8.59
1314489600000,6.52,9.07
1314576000000,6.52,8.97
1314662400000,6.52,8.79
1314748800000,6.52,8.2
1314835200000,6.51,8.21
1314921600000,6.51,8.64
1315008000000,6.51,8.48
1315094400000,6.51,8.18
1315180800000,6.5,7.61
1315267200000,6.48,6.86
1315353600000,6.47,7.19
1315440000000,6.45,6.53
1315526400000,6.42,5.03
1315612800000,6.41,4.77
1315699200000,6.16,5.86
1315785600000,6.15,6.08
1315872000000,6.13,5.8
1315958400000,6.12,5.62
1316044800000,6.11,4.84
1316131200000,6.09,4.82
1316217600000,6.09,4.77
1316304000000,6.09,5.2
1316390400000,6.08,5.46
1316476800000,6.08,6.11
1316563200000,6.07,5.61
1316649600000,6.06,5.43
1316736000000,6.05,5.55
1316822400000,6.05,5.47
1316908800000,6.01,5.33
1316995200000,6.01,4.87
1317081600000,6,4.92
1317168000000,5.99,4.77
1317254400000,5.99,4.78
1317340800000,5.99,5.14
1317427200000,5.98,5.03
1317513600000,5.97,5.03
1317600000000,5.97,5.02
1317686400000,5.96,4.96
1317772800000,5.95,4.87
1317859200000,5.95,4.73
1317945600000,5.93,4.27
1318032000000,5.92,4.01
1318118400000,5.91,4.1
1318204800000,5.91,4.1
1318291200000,5.89,3.93
1318377600000,5.88,4.15
1318464000000,5.87,4.05
1318550400000,5.86,3.99
1318636800000,5.85,3.84
1318723200000,5.85,3.56
1318809600000,5.8,2.56
1318896000000,5.78,2.42
1318982400000,5.75,2.27
1319068800000,5.74,2.35
1319155200000,5.73,2.57
1319241600000,5.72,3.16
1319328000000,5.72,3.17
1319414400000,5.7,2.54
1319500800000,5.7,2.77
1319587200000,5.68,2.77
1319673600000,5.68,3.04
1319760000000,5.68,3.19
1319846400000,5.67,3.58
1319932800000,5.67,3.27
1320019200000,5.67,3.25
1320105600000,5.66,3.15
1320192000000,5.66,3.25
1320278400000,5.64,3.15
1320364800000,5.63,3.11
1320451200000,5.63,2.97
1320537600000,5.62,2.96
1320624000000,5.62,3.01
1320710400000,5.61,3.04
1320796800000,5.44,2.95
1320883200000,5.43,2.84
1320969600000,5.43,3.08
1321056000000,5.42,3.03
1321142400000,5.42,3
1321228800000,5.4,2.22
1321315200000,5.4,2.33
1321401600000,5.06,2.56
1321488000000,5.03,2.25
1321574400000,4.98,2.05
1321660800000,4.98,2.2
1321747200000,4.98,2.2
1321833600000,4.98,2.29
1321920000000,4.97,2.33
1322006400000,4.96,2.33
1322092800000,4.97,2.43
1322179200000,4.97,2.51
1322265600000,4.94,2.47
1322352000000,4.94,2.48
1322438400000,4.89,2.55
1322524800000,4.9,2.75
1322611200000,4.92,2.97
1322697600000,4.92,3.06
1322784000000,4.92,3.12
1322870400000,4.9,2.79
1322956800000,4.9,2.83
1323043200000,4.89,2.88
1323129600000,4.9,3.03
1323216000000,4.87,2.99
1323302400000,4.87,2.98
1323388800000,4.86,2.97
1323475200000,4.86,3.05
1323561600000,4.87,3.25
1323648000000,4.87,3.13
1323734400000,4.87,3.25
1323820800000,4.86,3.15
1323907200000,4.86,3.2
1323993600000,4.86,3.2
1324080000000,4.86,3.2
1324166400000,4.86,3.19
1324252800000,4.87,3.52
1324339200000,4.88,3.95
1324425600000,4.89,3.89
1324512000000,4.89,3.89
1324598400000,4.9,3.95
1324684800000,4.9,3.94
1324771200000,4.89,4.22
1324857600000,4.9,4.02
1324944000000,4.9,4.07
1325030400000,4.9,4.19
1325116800000,4.9,4.17
1325203200000,4.91,4.25
1325289600000,4.92,4.72
1325376000000,4.93,5.27
1325462400000,4.92,5.22
1325548800000,4.93,4.88
1325635200000,4.95,5.57
1325721600000,5.01,6.95
1325808000000,5.04,6.7
1325894400000,5.06,6.81
1325980800000,5.08,7.11
1326067200000,5.09,6.33
1326153600000,5.09,6.36
1326240000000,5.11,6.9
1326326400000,5.13,6.8
1326412800000,5.14,6.41
1326499200000,5.15,6.75
1326585600000,5.16,7
1326672000000,5.17,6.68
1326758400000,5.15,5.6
1326844800000,5.15,5.92
1326931200000,5.17,6.36
1327017600000,5.18,6.49
1327104000000,5.18,6.18
1327190400000,5.18,6.31
1327276800000,5.18,6.36
1327363200000,5.19,6.29
1327449600000,5.18,5.75
1327536000000,5.16,5.34
1327622400000,5.16,5.29
1327708800000,5.16,5.63
1327795200000,5.15,5.38
1327881600000,5.15,5.49
1327968000000,5.14,5.48
1328054400000,5.15,6.08
1328140800000,5.16,6.1
1328227200000,5.16,5.96
1328313600000,5.16,5.87
1328400000000,5.16,5.69
1328486400000,5.15,5.45
1328572800000,5.15,5.69
1328659200000,5.15,5.6
1328745600000,5.15,5.83
1328832000000,5.15,5.91
1328918400000,5.16,5.6
1329004800000,5.16,5.51
1329091200000,5.11,5.26
1329177600000,5.07,4.46
1329264000000,5.05,4.33
1329350400000,5.03,4.27
1329436800000,5.03,4.41
1329523200000,5.01,4.22
1329609600000,5,4.39
1329696000000,5,4.36
1329782400000,4.99,4.27
1329868800000,4.99,4.42
1329955200000,5,5.01
1330041600000,5,5.03
1330128000000,5,4.77
1330214400000,5,4.92
1330300800000,5,4.96
1330387200000,5,4.87
1330473600000,4.97,4.99
1330560000000,4.97,5
1330646400000,4.97,4.79
1330732800000,4.96,4.65
1330819200000,4.96,4.81
1330905600000,4.96,5.06
1330992000000,4.96,4.98
1331078400000,4.96,4.93
1331164800000,4.97,5.01
1331251200000,4.96,4.93
1331337600000,4.96,4.94
1331424000000,4.96,5
1331510400000,4.96,4.99
1331596800000,4.97,5.3
1331683200000,4.97,5.27
1331769600000,4.98,5.39
1331856000000,4.98,5.26
1331942400000,4.98,5.42
1332028800000,4.98,5.25
1332115200000,4.97,4.83
1332201600000,4.96,4.79
1332288000000,4.96,4.96
1332374400000,4.95,4.91
1332460800000,4.95,4.78
1332547200000,4.95,4.83
1332633600000,4.94,4.54
1332720000000,4.94,4.73
1332806400000,4.94,4.84
1332892800000,4.94,4.93
1332979200000,4.93,4.84
1333065600000,4.86,4.88
1333152000000,4.86,4.9
1333238400000,4.86,4.89
1333324800000,4.86,5.04
1333411200000,4.85,4.99
1333497600000,4.85,5.01
1333584000000,4.85,5
1333670400000,4.85,4.99
1333756800000,4.85,4.7
1333843200000,4.85,4.76
1333929600000,4.85,4.75
1334016000000,4.85,4.8
1334102400000,4.85,4.92
1334188800000,4.86,4.93
1334275200000,4.86,4.93
1334361600000,4.86,4.96
1334448000000,4.86,4.99
1334534400000,4.86,4.98
1334620800000,4.86,4.98
1334707200000,4.87,5.16
1334793600000,4.87,5.13
1334880000000,4.88,5.38
1334966400000,4.88,5.24
1335052800000,4.89,5.17
1335139200000,4.88,5
1335225600000,4.88,5.08
1335312000000,4.9,5.14
1335398400000,4.89,4.98
1335484800000,4.9,5.04
1335571200000,4.89,4.91
1335657600000,4.89,4.91
1335744000000,4.88,5
1335830400000,4.88,4.97
1335916800000,4.88,5.06
1336003200000,4.88,5.1
1336089600000,4.88,5.07
1336176000000,4.88,5.04
1336262400000,4.87,5.08
1336348800000,4.87,5.05
1336435200000,4.87,5.02
1336521600000,4.87,5.02
1336608000000,4.87,4.87
1336694400000,4.87,4.95
1336780800000,4.88,4.91
1336867200000,4.87,4.94
1336953600000,4.87,4.93
1337040000000,4.87,4.95
1337126400000,4.86,5.04
1337212800000,4.86,5.02
1337299200000,4.85,5.07
1337385600000,4.85,5.07
1337472000000,4.83,5.03
1337558400000,4.82,5.08
1337644800000,4.81,5.03
1337731200000,4.82,5.1
1337817600000,4.8,5.12
1337904000000,4.8,5.08
1337990400000,4.79,5.07
1338076800000,4.79,5.07
1338163200000,4.79,5.07
1338249600000,4.79,5.11
1338336000000,4.79,5.14
1338422400000,4.77,5.17
1338508800000,4.77,5.22
1338595200000,4.77,5.19
1338681600000,4.77,5.19
1338768000000,4.77,5.22
1338854400000,4.78,5.37
1338940800000,4.78,5.41
1339027200000,4.79,5.53
1339113600000,4.8,5.61
1339200000000,4.8,5.48
1339286400000,4.8,5.42
1339372800000,4.8,5.52
1339459200000,4.81,5.71
1339545600000,4.82,5.86
1339632000000,4.82,5.9
1339718400000,4.85,6.42
1339804800000,4.86,6.41
1339891200000,4.87,6.19
1339977600000,4.87,6.06
1340064000000,4.87,6.46
1340150400000,4.88,6.64
1340236800000,4.89,6.64
1340323200000,4.9,6.59
1340409600000,4.9,6.45
1340496000000,4.9,6.4
1340582400000,4.9,6.26
1340668800000,4.91,6.41
1340755200000,4.92,6.49
1340841600000,4.92,6.5
1340928000000,4.92,6.52
1341014400000,4.93,6.61
1341100800000,4.93,6.52
1341187200000,4.94,6.61
1341273600000,4.94,6.44
1341360000000,4.94,6.44
1341446400000,4.95,6.6
1341532800000,4.95,6.59
1341619200000,4.95,6.79
1341705600000,4.96,6.73
1341792000000,4.97,6.94
1341878400000,4.92,7.08
1341964800000,4.93,7.14
1342051200000,4.95,7.59
1342137600000,4.97,7.59
1342224000000,4.94,7.55
1342310400000,4.94,7.57
1342396800000,4.98,8.3
1342483200000,5.04,8.55
1342569600000,5.07,9
1342656000000,5.09,8.76
1342742400000,5.1,8.44
1342828800000,5.12,8.74
1342915200000,5.12,8.42
1343001600000,5.13,8.59
1343088000000,5.15,8.61
1343174400000,5.16,8.64
1343260800000,5.18,8.75
1343347200000,5.19,8.83
1343433600000,5.2,8.88
1343520000000,5.22,8.71
1343606400000,5.23,9
1343692800000,5.26,9.28
1343779200000,5.28,9.45
1343865600000,5.34,10.44
1343952000000,5.38,10.79
1344038400000,5.4,10.51
1344124800000,5.43,10.71
1344211200000,5.45,10.84
1344297600000,5.46,10.75
1344384000000,5.5,10.99
1344470400000,5.52,11
1344556800000,5.54,11.32
1344643200000,5.56,11.38
1344729600000,5.57,11.49
1344816000000,5.61,11.89
1344902400000,5.65,12.25
1344988800000,5.69,13.01
1345075200000,5.75,13.42
1345161600000,5.79,12.5
1345248000000,5.8,11.54
1345334400000,5.74,8.06
1345420800000,5.81,10.05
1345507200000,5.83,10.18
1345593600000,5.84,9.96
1345680000000,5.84,10.02
1345766400000,5.86,10.37
1345852800000,5.87,10.57
1345939200000,5.88,10.31
1346025600000,5.94,10.78
1346112000000,5.97,11
1346198400000,5.97,10.78
1346284800000,5.98,10.65
1346371200000,6.03,10.16
1346457600000,6.02,9.91
1346544000000,6.02,10.18
1346630400000,6.04,10.55
1346716800000,6.05,10.36
1346803200000,6.08,10.99
1346889600000,6.09,11.02
1346976000000,6.1,11.03
1347062400000,6.11,10.97
1347148800000,6.13,10.98
1347235200000,6.21,10.95
1347321600000,6.22,11.04
1347408000000,6.24,11.14
1347494400000,6.25,11.3
1347580800000,6.27,11.5
1347667200000,6.29,11.63
1347753600000,6.31,11.75
1347840000000,6.33,11.85
1347926400000,6.35,11.91
1348012800000,6.39,12.32
1348099200000,6.43,12.28
1348185600000,6.45,12.19
1348272000000,6.46,11.97
1348358400000,6.47,11.99
1348444800000,6.48,11.9
1348531200000,6.48,11.75
1348617600000,6.51,12.2
1348704000000,6.53,12.22
1348790400000,6.56,12.28
1348876800000,6.58,12.28
1348963200000,6.59,12.22
1349049600000,6.6,12.14
1349136000000,6.63,12.64
1349222400000,6.66,12.9
1349308800000,6.67,12.57
1349395200000,6.68,12.5
1349481600000,6.69,12.39
1349568000000,6.68,11.71
1349654400000,6.69,11.62
1349740800000,6.7,11.99
1349827200000,6.71,12.24
1349913600000,6.72,12.09
1350000000000,6.72,11.9
1350086400000,6.72,11.85
1350172800000,6.73,11.79
1350259200000,6.73,11.66
1350345600000,6.75,11.92
1350432000000,6.76,11.88
1350518400000,6.77,11.8
1350604800000,6.78,11.67
1350691200000,6.78,11.6
1350777600000,6.79,11.32
1350864000000,6.79,11.49
1350950400000,6.8,11.58
1351036800000,6.81,11.4
1351123200000,6.79,10.55
1351209600000,6.78,10
1351296000000,6.78,10.43
1351382400000,6.78,10.54
1351468800000,6.79,10.8
1351555200000,6.79,10.8
1351641600000,6.8,11
1351728000000,6.8,10.85
1351814400000,6.8,10.67
1351900800000,6.8,10.66
1351987200000,6.81,10.64
1352073600000,6.81,10.78
1352160000000,6.81,10.74
1352246400000,6.82,10.8
1352332800000,6.82,10.81
1352419200000,6.83,10.8
1352505600000,6.83,10.81
1352592000000,6.84,10.82
1352678400000,6.85,10.87
1352764800000,6.86,10.87
1352851200000,6.86,10.97
1352937600000,6.87,11.05
1353024000000,6.89,11.46
1353110400000,6.91,11.57
1353196800000,6.91,11.51
1353283200000,6.93,11.65
1353369600000,6.94,11.65
1353456000000,6.95,11.67
1353542400000,6.96,11.88
1353628800000,6.98,12.16
1353715200000,6.99,12.25
1353801600000,7.01,12.31
1353888000000,7.03,12.2
1353974400000,7.04,12.07
1354060800000,7.05,12.22
1354147200000,7.06,12.37
1354233600000,7.08,12.43
1354320000000,7.08,12.34
1354406400000,7.09,12.42
1354492800000,7.1,12.6
1354579200000,7.14,12.59
1354665600000,7.18,13.2
1354752000000,7.2,13.45
1354838400000,7.23,13.37
1354924800000,7.24,13.36
1355011200000,7.25,13.29
1355097600000,7.26,13.3
1355184000000,7.28,13.35
1355270400000,7.3,13.49
1355356800000,7.33,13.52
1355443200000,7.34,13.51
1355529600000,7.35,13.38
1355616000000,7.35,13.27
1355702400000,7.35,13.2
1355788800000,7.36,13.13
1355875200000,7.38,13.4
1355961600000,7.39,13.35
1356048000000,7.4,13.2
1356134400000,7.4,13.2
1356220800000,7.4,13.14
1356307200000,7.41,13.23
1356393600000,7.41,13.24
1356480000000,7.41,13.18
1356566400000,7.42,13.2
1356652800000,7.42,13.18
1356739200000,7.43,13.22
1356825600000,7.43,13.2
1356912000000,7.45,13.24
1356998400000,7.46,13.22
1357084800000,7.46,13.09
1357171200000,7.47,13.19
1357257600000,7.48,13.19
1357344000000,7.48,13.15
1357430400000,7.48,13.15
1357516800000,7.49,13.2
1357603200000,7.51,13.5
1357689600000,7.52,13.58
1357776000000,7.55,14
1357862400000,7.57,14
1357948800000,7.57,13.89
1358035200000,7.58,13.64
1358121600000,7.59,14.1
1358208000000,7.61,14.2
1358294400000,7.64,14.53
1358380800000,7.69,15.36
1358467200000,7.73,15.57
1358553600000,7.74,15.38
1358640000000,7.76,15.5
1358726400000,7.81,16.52
1358812800000,7.92,17.35
1358899200000,7.97,17.5
1358985600000,8.02,17.29
1359072000000,8.05,17.49
1359158400000,8.08,17.49
1359244800000,8.15,17.6
1359331200000,8.21,18.67
1359417600000,8.33,19.35
1359504000000,8.44,19.45
1359590400000,8.56,20.46
1359676800000,8.72,20.35
1359763200000,8.75,19.82
1359849600000,8.79,20.29
1359936000000,8.83,20.3
1360022400000,8.87,20.5
1360108800000,8.93,20.91
1360195200000,8.99,21.71
1360281600000,9.08,22.4
1360368000000,9.16,23.14
1360454400000,9.22,23.7
1360540800000,9.28,23.94
1360627200000,9.38,25.47
1360713600000,9.49,25
1360800000000,9.65,27.4
1360886400000,9.79,27
1360972800000,9.88,27.5
1361059200000,9.96,26.98
1361145600000,10.03,26.92
1361232000000,10.18,29.39
1361318400000,10.3,30
1361404800000,10.38,30
1361491200000,10.49,30.4
1361577600000,10.54,29.54
1361664000000,10.62,29.78
1361750400000,10.9,30.43
1361836800000,11.01,31.1
1361923200000,11.06,31.31
1362009600000,11.35,33.53
1362096000000,11.5,34.55
1362182400000,11.57,34.16
1362268800000,11.63,34.33
1362355200000,11.78,36.52
1362441600000,12.15,40.75
1362528000000,12.61,42.32
1362614400000,12.86,41.68
1362700800000,13.03,43.76
1362787200000,13.28,46
1362873600000,13.4,45.29
1362960000000,13.61,48.25
1363046400000,13.74,44.84
1363132800000,13.96,46.99
1363219200000,14.12,46.95
1363305600000,14.28,46.9
1363392000000,14.38,46.74
1363478400000,14.49,47.24
1363564800000,14.72,50.35
1363651200000,15.34,59.41
1363737600000,15.86,64.2
1363824000000,16.71,72.23
1363910400000,17.22,69.9
1363996800000,17.35,63.9
1364083200000,17.75,70.22
1364169600000,18.46,75.11
1364256000000,18.96,79.81
1364342400000,19.78,89.3
1364428800000,20.47,88.52
1364515200000,21,90
1364601600000,21.7,92.11
1364688000000,22.06,96.15
1364774400000,23.31,104.7
1364860800000,24.58,116
1364947200000,27.19,133.78
1365033600000,28.22,135
1365120000000,30.37,141.8
1365206400000,31.06,141
1365292800000,32.35,164.97
1365379200000,35,185.6
1365465600000,40.76,229
1365552000000,42.39,162
1365638400000,39.47,83.4
1365724800000,39.13,109.9
1365811200000,38.77,91.64
1365897600000,38.59,91.11
1365984000000,37.87,74
1366070400000,37.44,68.09
1366156800000,38.02,89.98
1366243200000,38.73,109.3
1366329600000,39.44,117.71
1366416000000,40.05,126.55
1366502400000,40.46,118.81
1366588800000,40.88,123.74
1366675200000,41.72,137.29
1366761600000,43.27,149
1366848000000,44.32,141.9
1366934400000,44.62,137.3
1367020800000,44.96,128.8
1367107200000,45.21,135.28
1367193600000,45.85,143.31
1367280000000,46.19,139.88
1367366400000,45.87,116.75
1367452800000,45.65,106.81
1367539200000,45.55,98.08
1367625600000,45.68,112.62
1367712000000,45.87,116.57
1367798400000,45.95,112.71
1367884800000,45.98,110
1367971200000,46.04,113.16
1368057600000,46.1,111.96
1368144000000,46.09,117.9
1368230400000,46.29,115.04
1368316800000,46.37,114.5
1368403200000,46.48,115.99
1368489600000,46.39,107
1368576000000,46.51,108.95
1368662400000,46.61,113.35
1368748800000,46.74,116.73
1368835200000,47.03,118.49
1368921600000,47.08,116.38
1369008000000,47.16,116.55
1369094400000,47.23,117.5
1369180800000,47.35,119.11
1369267200000,47.53,123.84
1369353600000,47.78,128.7
1369440000000,48.39,128.97
1369526400000,48.46,129.5
1369612800000,48.57,126.25
1369699200000,48.68,125.92
1369785600000,48.95,130.35
1369872000000,49.1,126.81
1369958400000,49.28,127.91
1370044800000,49.41,128.77
1370131200000,49.51,123
1370217600000,49.63,123.22
1370304000000,49.74,120.57
1370390400000,49.91,121.2
1370476800000,50.2,118.78
1370563200000,50.15,110.18
1370649600000,50.15,109.11
1370736000000,50.11,100.17
1370822400000,50.1,104.22
1370908800000,50.21,107.36
1370995200000,50.21,106.56
1371081600000,50.14,102
1371168000000,50.1,99.01
1371254400000,50.11,99.42
1371340800000,50.13,99.37
1371427200000,50.12,100
1371513600000,50.16,104.5
1371600000000,50.2,105.24
1371686400000,50.17,102.61
1371772800000,50.17,101.8
1371859200000,50.18,100
1371945600000,50.18,100.41
1372032000000,50.22,99.47
1372118400000,50.19,97.87
1372204800000,50.23,98.77
1372291200000,50.19,96.31
1372377600000,50.13,89.96
1372464000000,50.1,88.98
1372550400000,50.06,89.53
1372636800000,50.07,84.5
1372723200000,50.14,88
1372809600000,49.94,77.01
1372896000000,49.88,79.4
1372982400000,49.41,66.93
1373068800000,49.08,66.34
1373155200000,49.12,73.96
1373241600000,49.12,74.4
1373328000000,49.09,75.01
1373414400000,49.4,86.19
1373500800000,49.47,87.13
1373587200000,49.63,90.17
1373673600000,49.79,91.67
1373760000000,49.81,90.03
1373846400000,49.88,93.78
1373932800000,49.84,91.55
1374019200000,49.8,90.97
1374105600000,49.66,85.28
1374192000000,49.62,86.51
1374278400000,49.59,85.04
1374364800000,49.59,85.93
1374451200000,49.57,85.6
1374537600000,49.59,86.98
1374624000000,49.63,88.42
1374710400000,49.68,90.16
1374796800000,49.72,89.95
1374883200000,49.72,88.16
1374969600000,49.79,92.71
1375056000000,49.8,93.39
1375142400000,49.9,96.57
1375228800000,50.04,98.28
1375315200000,50.08,96.62
1375401600000,50.25,95.85
1375488000000,50.6,95.55
1375574400000,50.65,96.38
1375660800000,50.76,97.81
1375747200000,50.78,97.69
1375833600000,50.82,97.09
1375920000000,50.84,94.27
1376006400000,50.84,92.27
1376092800000,50.88,93.51
1376179200000,50.91,94.09
1376265600000,50.94,95.35
1376352000000,51.22,98.15
1376438400000,51.3,99.19
1376524800000,51.4,98.08
1376611200000,51.45,98.25
1376697600000,51.53,99.71
1376784000000,51.57,99.3
1376870400000,51.69,102.85
1376956800000,51.8,104.87
1377043200000,51.97,110.43
1377129600000,52.05,109.12
1377216000000,52.17,107.65
1377302400000,52.23,109.15
1377388800000,52.33,113.12
1377475200000,52.43,111.9
1377561600000,52.62,117.75
1377648000000,52.78,117.91
1377734400000,52.97,118.5
1377820800000,53.23,124.86
1377907200000,53.48,128
1377993600000,53.74,130.66
1378080000000,53.96,130.15
1378166400000,54.33,129.18
1378252800000,54.34,122.81
1378339200000,54.43,122.5
1378425600000,54.46,117.67
1378512000000,54.54,119.93
1378598400000,54.59,118.34
1378684800000,54.8,121.68
1378771200000,54.9,122.07
1378857600000,55.11,127.55
1378944000000,55.4,126.38
1379030400000,55.52,127.71
1379116800000,55.73,124.49
1379203200000,55.81,125.36
1379289600000,55.95,126.27
1379376000000,56.03,126.92
1379462400000,56.17,127
1379548800000,56.52,124.18
1379635200000,56.56,122.91
1379721600000,56.62,123.39
1379808000000,56.74,123.27
1379894400000,56.79,122.63
1379980800000,56.91,123.86
1380067200000,57.01,123.25
1380153600000,57.1,124.84
1380240000000,57.2,126.95
1380326400000,57.26,126.54
1380412800000,57.34,127.01
1380499200000,57.45,126.25
1380585600000,57.57,127.33
1380672000000,57.21,103.85
1380758400000,57.42,117.63
1380844800000,57.52,121.94
1380931200000,57.59,121.2
1381017600000,57.68,122.49
1381104000000,58.18,123.5
1381190400000,58.27,124.13
1381276800000,58.41,125.9
1381363200000,58.49,126.8
1381449600000,58.6,127.38
1381536000000,58.7,127.98
1381622400000,58.86,132.82
1381708800000,59.07,135.42
1381795200000,59.41,142.76
1381881600000,59.76,137.56
1381968000000,60.03,143.94
1382054400000,60.38,152.89
1382140800000,60.93,166
1382227200000,61.25,166.59
1382313600000,62.6,180.13
1382400000000,63.89,189.75
1382486400000,65.34,203.96
1382572800000,65.89,193.87
1382659200000,68.19,186.6
1382745600000,68.29,179.56
1382832000000,68.65,194
1382918400000,68.95,196.62
1383004800000,69.93,204.69
1383091200000,70.19,197.54
1383177600000,70.66,203.54
1383264000000,71.08,202.15
1383350400000,71.34,204.86
1383436800000,71.74,210
1383523200000,73.57,226.83
1383609600000,75.15,242.9
1383696000000,76.3,263.24
1383782400000,79.36,291
1383868800000,82.3,334
1383955200000,84.32,341.24
1384041600000,85.4,323
1384128000000,87.08,343.91
1384214400000,89.06,354.96
1384300800000,92.06,393.5
1384387200000,95.21,416.95
1384473600000,97.42,412
1384560000000,99.37,434.53
1384646400000,102.3,477.38
1384732800000,111.54,669.01
1384819200000,115.16,536.01
1384905600000,120.85,599
1384992000000,126.52,720
1385078400000,140.42,795
1385164800000,148.75,829.15
1385251200000,152.02,800.05
1385337600000,158.4,817.88
1385424000000,179.66,916.3
1385510400000,189.55,963.98
1385596800000,201.2,1012.98
1385683200000,214.99,1131.99
1385769600000,221.16,1119.52
1385856000000,223.54,955
1385942400000,228.71,1047.47
1386028800000,233.35,1055
1386115200000,240.3,1132.01
1386201600000,244.54,1023.87
1386288000000,244.01,814.91
1386374400000,244.73,693.3
1386460800000,246.49,787
1386547200000,248.33,899.9
1386633600000,251.22,979.23
1386720000000,254.26,879.04
1386806400000,255.21,871.22
1386892800000,257.61,885.98
1386979200000,256.87,850.78
1387065600000,258.27,862
1387152000000,257.76,691
1387238400000,257.65,673.62
1387324800000,256.29,520
1387411200000,257.39,685
1387497600000,256.94,610
1387584000000,261.45,595.03
1387670400000,257.47,612.66
1387756800000,258.16,654.76
1387843200000,259.64,652.99
1387929600000,264.76,679.01
1388016000000,266.11,747
1388102400000,267.6,721.08
1388188800000,267.85,715
1388275200000,268.25,728
1388361600000,268.42,736.51
1388448000000,268.74,732
1388534400000,268.81,754.9
1388620800000,269.97,784.19
1388707200000,271.56,809.4
1388793600000,276.13,828.79
1388880000000,278.81,905
1388966400000,280.68,919.24
1389052800000,281.09,785
1389139200000,283.84,823.45
1389225600000,284.69,824.76
1389312000000,285.37,852.61
1389398400000,287.8,896.59
1389484800000,289.19,844.05
1389571200000,289.74,823
1389657600000,290.98,815.99
1389744000000,292.87,841.14
1389830400000,293.89,814.4
1389916800000,294.27,797.2
1390003200000,294.65,810
1390089600000,295.5,842.07
1390176000000,296.21,826.02
1390262400000,296.78,824.89
1390348800000,297.77,819.2
1390435200000,298.15,812
1390521600000,298.71,780
1390608000000,299.48,806.8
1390694400000,299.91,814.75
1390780800000,299.98,751.95
1390867200000,300.59,788
1390953600000,301.33,794.21
1391040000000,301.91,799.99
1391126400000,302.28,803
1391212800000,303.56,813.23
1391299200000,303.97,814.99
1391385600000,304.4,808.5
1391472000000,304.6,802.99
1391558400000,314.34,782.33
1391644800000,314.86,763.99
1391731200000,314.22,705.01
1391817600000,313.93,680.49
1391904000000,314.08,687.37
1391990400000,314.24,687.81
1392076800000,314.06,675.1
1392163200000,313.66,651.99
1392249600000,313.32,604.11
1392336000000,313.93,669
1392422400000,313.99,655.83
1392508800000,313.9,621
1392595200000,313.81,633.66
1392681600000,313.83,627.7
1392768000000,313.38,623.01
1392854400000,312.89,561.86
1392940800000,312.98,581.35
1393027200000,313,610.88
1393113600000,313.04,610.09
1393200000000,311.11,535.49
1393286400000,308.69,535
1393372800000,309.13,585.24
1393459200000,308.92,583
1393545600000,309.36,551.89
1393632000000,309.09,567.48
1393718400000,308.94,566.24
1393804800000,310.15,677.69
1393891200000,310.34,673
1393977600000,310.91,669.99
1394064000000,311.59,669.57
1394150400000,321.65,632.79
1394236800000,321.88,620
1394323200000,328.06,640
1394409600000,328.72,629.39
1394496000000,329.12,632.1
1394582400000,329.86,634.95
1394668800000,330.15,641.01
1394755200000,330.02,630.42
1394841600000,330.24,637.24
1394928000000,330.39,634.99
1395014400000,330.44,621.11
1395100800000,330.67,612
1395187200000,330.78,611.2
1395273600000,330.5,587.98
1395360000000,331.63,570
1395446400000,331.71,565.31
1395532800000,331.69,561
1395619200000,331.94,585.99
1395705600000,332.24,583.77
1395792000000,332.35,581.49
1395878400000,331.45,475
1395964800000,331.01,502.01
1396051200000,330.88,491.99
1396137600000,330.29,460
1396224000000,329.49,454.83
1396310400000,329.34,478.98
1396396800000,328.73,439
1396483200000,328.66,451.03
1396569600000,328.43,452.2
1396656000000,327.37,464.8
1396742400000,327.37,456.27
1396828800000,327.18,447.11
1396915200000,326.96,453.57
1397001600000,326.97,441.69
1397088000000,325.18,363.12
1397174400000,324.44,423
1397260800000,324.37,423.42
1397347200000,324.32,416.3
1397433600000,324.48,458.5
1397520000000,324.87,521
1397606400000,326.4,530
1397692800000,326.68,500.09
1397779200000,326.38,483.11
1397865600000,326.5,503.8
1397952000000,326.32,500
1398038400000,326.35,496.74
1398124800000,326.18,490
1398211200000,326.76,492
1398297600000,326.94,502.2
1398384000000,326.63,466.52
1398470400000,326.57,459
1398556800000,326.39,430
1398643200000,326.07,442.9
1398729600000,325.94,448
1398816000000,325.89,448.85
1398902400000,325.93,460.97
1398988800000,325.96,454.5
1399075200000,325.83,439
1399161600000,325.75,438.04
1399248000000,325.51,433
1399334400000,325.23,428.01
1399420800000,325.13,440
1399507200000,325.1,437.69
1399593600000,325.16,452.37
1399680000000,325.18,455.39
1399766400000,325.14,440
1399852800000,325.06,442.5
1399939200000,324.93,439.12
1400025600000,324.8,446
1400112000000,324.77,446
1400198400000,324.64,447.31
1400284800000,324.65,449.06
1400371200000,324.68,446.91
1400457600000,324.62,448.34
1400544000000,325.03,489
1400630400000,325.28,493.98
1400716800000,325.87,529.99
1400803200000,326.11,523.77
1400889600000,326.29,528.44
1400976000000,327.46,573.9
1401062400000,327.83,581.88
1401148800000,330.61,572.7
1401235200000,331.04,580.66
1401321600000,331.22,572.37
1401408000000,333.47,621
1401494400000,334.11,627.8
1401580800000,334.66,630.99
1401667200000,335.9,661.22
1401753600000,336.72,670.14
1401840000000,337.07,640.59
1401926400000,337.73,661.48
1402012800000,337.86,647.16
1402099200000,338.17,657.13
1402185600000,338.58,658
1402272000000,339.27,648.83
1402358400000,339.89,648.55
1402444800000,340.07,620.5
1402531200000,343.93,569.1
1402617600000,344.5,592
1402704000000,344.38,566.58
1402790400000,344.54,588.55
1402876800000,344.76,586.91
1402963200000,344.99,606.48
1403049600000,345.2,607
1403136000000,345.22,593.4
1403222400000,345.34,588.02
1403308800000,345.48,591.29
1403395200000,345.68,600.34
1403481600000,345.9,588.22
1403568000000,346.08,572.62
1403654400000,346.02,560.4
1403740800000,346.46,579.99
1403827200000,346.81,599.99
1403913600000,346.92,589.56
1404000000000,347.66,599.89
1404086400000,348.49,641.11
1404172800000,349.08,638.25
1404259200000,350.26,650.5
1404345600000,350.87,645.99
1404432000000,351.06,629
1404518400000,351.27,630
1404604800000,351.44,630.57
1404691200000,351.67,622.09
1404777600000,351.8,623.98
1404864000000,352.4,621.97
1404950400000,352.63,616.87
1405036800000,352.88,635
1405123200000,353.11,638.1
1405209600000,353.28,630.88
1405296000000,353.38,621.17
1405382400000,353.57,622.9
1405468800000,353.69,616.86
1405555200000,353.96,622.2
1405641600000,354.24,632.6
1405728000000,354.27,628.63
1405814400000,354.47,627
1405900800000,354.89,622.73
1405987200000,355.02,618.26
1406073600000,355.44,621
1406160000000,355.51,601.66
1406246400000,355.64,602.93
1406332800000,355.68,596.23
1406419200000,355.75,590.3
1406505600000,355.75,586.53
1406592000000,355.69,585.95
1406678400000,355.5,563.84
1406764800000,355.73,582.04
1406851200000,356.26,598.2
1406937600000,356.38,589.59
1407024000000,356.43,588.91
1407110400000,356.83,588.5
1407196800000,358.9,581.76
1407283200000,359.03,581.16
1407369600000,359.21,585.84
1407456000000,359.34,588.02
1407542400000,359.51,587.97
1407628800000,359.67,590.96
1407715200000,359.68,573.98
1407801600000,359.71,566.69
1407888000000,359.61,548.81
1407974400000,358.9,507.99
1408060800000,358.69,500.25
1408147200000,358.79,521.97
1408233600000,358.78,496.86
1408320000000,357.91,475.22
1408406400000,357.86,491.98
1408492800000,358.03,516.39
1408579200000,357.91,519.28
1408665600000,357.95,514.65
1408752000000,357.67,497
1408838400000,357.71,507.85
1408924800000,357.68,503.82
1409011200000,357.78,512.18
1409097600000,357.76,511.87
1409184000000,356.14,506
1409270400000,355.98,509.3
1409356800000,355.95,500.85
1409443200000,355.89,479.04
1409529600000,355.94,474.54
1409616000000,355.67,474.5
1409702400000,355.61,474.89
1409788800000,355.72,487.43
1409875200000,355.71,477.65
1409961600000,355.88,479.78
1410048000000,355.63,475.43
1410134400000,355.49,468.33
1410220800000,355.21,473.2
1410307200000,355.04,476.57
1410393600000,354.99,475.9
1410480000000,354.75,474.62
1410566400000,354.76,477.98
1410652800000,354.78,475.49
1410739200000,354.63,469.47
1410825600000,354.49,462.02
1410912000000,354.39,452.09
1410998400000,353.67,425
1411084800000,352.71,395.86
1411171200000,351.91,408.76
1411257600000,351.7,399.55
1411344000000,351.45,400.07
1411430400000,351.49,438.97
1411516800000,351.29,423.68
1411603200000,351.04,408.76
1411689600000,350.5,403.57
1411776000000,350.31,401.77
1411862400000,350.11,375.35
1411948800000,349.18,374.2
1412035200000,348.94,391.09
1412121600000,348.58,384.86
1412208000000,348.26,374.68
1412294400000,347.01,358.74
1412380800000,346.24,326.21
1412467200000,346.03,323.52
1412553600000,343.33,328.59
1412640000000,342.93,334.8
1412726400000,343.04,355.73
1412812800000,342.61,364.01
1412899200000,342.28,360.89
1412985600000,342.21,362
1413072000000,341.86,378.11
1413158400000,342.46,392.6
1413244800000,342.61,403.38
1413331200000,341.86,394.52
1413417600000,341.82,383.95
1413504000000,341.46,383.65
1413590400000,341.52,390.58
1413676800000,341.5,387.53
1413763200000,341.37,381.21
1413849600000,341.31,385.81
1413936000000,341.13,382.04
1414022400000,340.72,357.18
1414108800000,340.25,358.86
1414195200000,339.96,348.69
1414281600000,339.85,355.18
1414368000000,339.49,350
1414454400000,339.39,356.96
1414540800000,338.85,335.7
1414627200000,338.6,346.14
1414713600000,337.93,337.99
1414800000000,337.67,324.7
1414886400000,337.48,324.36
1414972800000,337.14,325.5
1415059200000,336.71,330.22
1415145600000,336.58,338.38
1415232000000,336.66,349.99
1415318400000,336.8,342.16
1415404800000,336.8,345.39
1415491200000,336.61,364.77
1415577600000,336.6,366.43
1415664000000,336.53,370.65
1415750400000,337.17,426.63
1415836800000,338.28,420.93
1415923200000,338.09,399.98
1416009600000,337.92,376.99
1416096000000,337.97,389.86
1416182400000,337.69,387.69
1416268800000,337.46,374.88
1416355200000,337.18,379.03
1416441600000,336.64,356.47
1416528000000,336.33,351.2
1416614400000,336.25,353.12
1416700800000,336.25,367.17
1416787200000,336.29,375.99
1416873600000,336.21,377.37
1416960000000,336.02,368.5
1417046400000,335.96,369.98
1417132800000,332.76,376.86
1417219200000,332.68,375.49
1417305600000,332.71,377.01
1417392000000,332.62,376.53
1417478400000,332.19,379.52
1417564800000,332.13,375.33
1417651200000,331.11,369.16
1417737600000,331.12,376
1417824000000,331.08,374.38
1417910400000,331.05,377.26
1417996800000,328.64,361.3
1418083200000,328.61,352.03
1418169600000,327.78,345.21
1418256000000,327.58,348.9
1418342400000,327.51,352.24
1418428800000,327.42,351.67
1418515200000,327.42,356.52
1418601600000,327.16,349
1418688000000,326.87,329.05
1418774400000,326.54,322
1418860800000,326.09,312.67
1418947200000,325.78,318.33
1419033600000,325.63,331.79
1419120000000,324.76,320.01
1419206400000,324.64,331.56
1419292800000,324.68,336.92
1419379200000,322.89,323.06
1419465600000,322.77,319.86
1419552000000,322.71,328.27
1419638400000,322.56,316.47
1419724800000,322.48,317.64
1419811200000,322.04,313.01
1419897600000,320.56,311.07
1419984000000,320.12,321
1420070400000,320.05,313.81
1420156800000,319.96,315.42
1420243200000,319.09,282
1420329600000,318.42,264
1420416000000,317.78,276.8
1420502400000,317.61,276.8
1420588800000,317.17,276.8
1420675200000,316.45,276.8
1420761600000,315.91,293.97
1420848000000,315.54,275.59
1420934400000,315.33,266.39
1421020800000,314.9,267.42
1421107200000,313.61,227
1421193600000,311.08,171.41
1421280000000,310.87,210.98
1421366400000,310.44,208.03
1421452800000,310.11,199.69
1421539200000,309.98,211.85
1421625600000,309.79,216.34
1421712000000,309.46,210.65
1421798400000,307.79,227.16
1421884800000,307.74,234.08
1421971200000,307.62,233.64
1422057600000,307.71,249.19
1422144000000,307.7,255.31
1422230400000,306.83,274.8
1422316800000,306.64,263.98
1422403200000,306.31,236.07
1422489600000,305.96,235.79
1422576000000,305.54,228.98
1422662400000,304.95,216.9
1422748800000,304.85,226.93
1422835200000,304.7,238.47
1422921600000,304.54,227.99
1423008000000,304.21,227
1423094400000,303.77,216.81
1423180800000,303.67,223.37
1423267200000,303.55,228.3
1423353600000,303.41,223.88
1423440000000,303.11,220.9
1423526400000,302.93,220.42
1423612800000,302.6,219.55
1423699200000,302.47,223
1423785600000,302.47,237
1423872000000,302.51,256.99
1423958400000,302.36,235.63
1424044800000,302.18,234.7
1424131200000,302.15,244.7
1424217600000,302.05,237.37
1424304000000,301.38,240.59
1424390400000,301.81,245.48
1424476800000,301.76,245.41
1424563200000,301.59,236.5
1424649600000,301.38,239.65
1424736000000,301.21,239.55
1424822400000,300.81,237.97
1424908800000,300.68,236.84
1424995200000,300.73,252.78
1425081600000,300.62,253.47
1425168000000,300.79,258.34
1425254400000,300.93,274.93
1425340800000,300.55,281
1425427200000,300.52,270.78
1425513600000,300.28,273.09
1425600000000,300.34,272.68
1425686400000,300.02,276.71
1425772800000,299.63,275
1425859200000,299.28,287.12
1425945600000,299.88,290
1426032000000,300.1,296.54
1426118400000,300.9,295.31
1426204800000,300.42,283.25
1426291200000,300.38,282.01
1426377600000,300.38,286.75
1426464000000,300.24,289.27
1426550400000,300.23,282.8
1426636800000,299.75,256.45
1426723200000,299.55,261.81
1426809600000,299.42,261.96
1426896000000,299.35,260
1426982400000,299.3,267.74
1427068800000,299.19,265.94
1427155200000,298.84,245
1427241600000,298.6,246.94
1427328000000,298.41,249.23
1427414400000,298.25,247.94
1427500800000,298.2,252.87
1427587200000,298.07,242
1427673600000,297.91,247.95
1427760000000,297.76,244.24
1427846400000,297.05,246.69
1427932800000,297.1,253.28
1428019200000,296.96,254.19
1428105600000,296.95,253.7
1428192000000,296.95,260.54
1428278400000,296.89,255.58
1428364800000,296.79,253.72
1428451200000,296.64,244.58
1428537600000,296.35,243.43
1428624000000,295.57,235.99
1428710400000,295.48,236.15
1428796800000,295.29,236.5
1428883200000,294.83,223.15
1428969600000,294.49,215.8
1429056000000,293.61,222.88
1429142400000,293.51,227.5
1429228800000,293.3,222.6
1429315200000,293.23,223.4
1429401600000,293.16,222.54
1429488000000,292.98,224.3
1429574400000,292.88,235.74
1429660800000,292.78,233.45
1429747200000,292.81,235.98
1429833600000,292.66,230.24
1429920000000,292.56,226.12
1430006400000,292.38,219.52
1430092800000,292.23,227.23
1430179200000,292.11,225.16
1430265600000,292.02,225.48
1430352000000,292.05,236.2
1430438400000,291.94,231
1430524800000,291.89,233.83
1430611200000,291.92,239
1430697600000,291.87,238.34
1430784000000,291.73,235.12
1430870400000,291.61,228.49
1430956800000,291.54,236.87
1431043200000,291.56,243.2
1431129600000,291.54,241.96
1431216000000,291.48,239.13
1431302400000,291.2,241.3
1431388800000,291.08,241.03
1431475200000,290.97,235.97
1431561600000,290.85,237.13
1431648000000,290.79,237.37
1431734400000,290.72,235.66
1431820800000,290.67,235.97
1431907200000,290.54,232.87
1431993600000,290.42,231.4
1432080000000,290.38,234.43
1432166400000,290.32,235
1432252800000,290.25,238.99
1432339200000,290.15,237.76
1432425600000,290.13,239.22
1432512000000,289.96,235.59
1432598400000,289.86,235.71
1432684800000,289.72,235.17
1432771200000,289.56,236.46
1432857600000,289.51,236.03
1432944000000,288.63,232.11
1433030400000,288.45,228.91
1433116800000,288.11,223.51
1433203200000,287.89,225.18
1433289600000,287.72,224.27
1433376000000,287.57,222.99
1433462400000,287.5,224.4
1433548800000,287.45,224.99
1433635200000,287.21,222.7
1433721600000,287.18,228.17
1433808000000,287.14,228.7
1433894400000,286.98,227.8
1433980800000,286.85,229.03
1434067200000,286.82,229.4
1434153600000,286.68,231.64
1434240000000,286.61,232.09
1434326400000,286.59,235.92
1434412800000,286.8,250.09
1434499200000,286.77,247.76
1434585600000,286.78,248.4
1434672000000,286.67,243.7
1434758400000,286.68,244.76
1434844800000,286.69,243.64
1434931200000,286.69,246
1435017600000,286.62,243.74
1435104000000,286.47,240.19
1435190400000,286.38,241.98
1435276800000,286.32,242.98
1435363200000,286.38,251.21
1435449600000,286.38,248.62
1435536000000,286.45,256.04
1435622400000,286.64,262.5
1435708800000,286.63,257.62
1435795200000,286.53,254.54
1435881600000,286.11,255.92
1435968000000,286.13,260.2
1436054400000,286.16,271.5
1436140800000,286.21,268.51
1436227200000,286.31,265.51
1436313600000,286.38,270.63
1436400000000,286.12,268.92
1436486400000,286.38,285.23
1436572800000,286.49,291.64
1436659200000,286.94,310.55
1436745600000,286.9,292.68
1436832000000,286.89,287.55
1436918400000,286.89,285.67
1437004800000,286.79,277.89
1437091200000,286.81,279.43
1437177600000,286.72,276.79
1437264000000,286.69,275.47
1437350400000,286.47,278.96
1437436800000,286.4,276.76
1437523200000,286.39,277.68
1437609600000,286.42,276.61
1437696000000,286.56,289.01
1437782400000,286.65,288.78
1437868800000,286.73,293.19
1437955200000,286.8,294.29
1438041600000,286.84,294.01
1438128000000,286.77,289.85
1438214400000,286.69,288.01
1438300800000,286.72,284.33
1438387200000,286.68,280.19
1438473600000,286.68,282.32
1438560000000,286.64,280.43
1438646400000,286.54,285
1438732800000,286.49,281.13
1438819200000,286.44,277.48
1438905600000,286.42,279.63
1438992000000,286.33,262.19
1439078400000,284.96,265.05
1439164800000,284.85,264.33
1439251200000,284.86,271.15
1439337600000,284.81,267.73
1439424000000,284.71,264.48
1439510400000,284.59,265.4
1439596800000,284.45,261.46
1439683200000,284.19,256.11
1439769600000,284.07,256.47
1439856000000,283.37,224.8
1439942400000,282.93,226.92
1440028800000,282.64,235.54
1440115200000,282.36,233.49
1440201600000,282.19,231
1440288000000,282.16,228.89
1440374400000,281.34,209.72
1440460800000,279.94,222.38
1440547200000,279.35,225.8
1440633600000,279.27,225.09
1440720000000,279.28,231.65
1440806400000,279.16,230.54
1440892800000,279.1,229
1440979200000,279.03,229.86
1441065600000,278.92,227.96
1441152000000,278.8,229.18
1441238400000,278.57,227.28
1441324800000,278.51,230.52
1441411200000,278.52,235.6
1441497600000,278.52,240.28
1441584000000,278.52,240.19
1441670400000,278.57,244.21
1441756800000,278.5,238.35
1441843200000,278.28,238.66
1441929600000,278.24,240
1442016000000,278.16,234.79
1442102400000,278.04,229.66
1442188800000,277.91,229.71
1442275200000,277.82,230.03
1442361600000,277.73,228.34
1442448000000,277.71,232.17
1442534400000,277.68,233.12
1442620800000,277.6,230
1442707200000,277.53,230.16
1442793600000,277.49,226.15
1442880000000,277.45,230.42
1442966400000,277.17,229.42
1443052800000,277.17,233.86
1443139200000,277.14,235.22
1443225600000,277.1,233.81
1443312000000,277.06,232.41
1443398400000,277,239.14
1443484800000,276.97,236.94
1443571200000,276.93,236.2
1443657600000,276.83,237.15
1443744000000,276.84,237.77
1443830400000,276.85,238.95
1443916800000,276.8,238.6
1444003200000,276.81,240.84
1444089600000,276.86,246.57
1444176000000,276.65,243.2
1444262400000,276.53,242.9
1444348800000,276.54,244.48
1444435200000,276.51,245.71
1444521600000,276.5,248.05
1444608000000,276.16,245.81
1444694400000,276.22,249.73
1444780800000,276.03,252.47
1444867200000,276.08,254.49
1444953600000,276.25,263.09
1445040000000,276.41,270.07
1445126400000,276.39,261.05
1445212800000,276.41,263.66
1445299200000,276.66,270.64
1445385600000,276.68,267.89
1445472000000,276.8,275.21
1445558400000,276.97,278.6
1445644800000,277.12,282.84
1445731200000,277.28,283.96
1445817600000,277.43,286.9
1445904000000,277.79,295.54
1445990400000,278.3,305.67
1446076800000,278.95,314.82
1446163200000,280,328.65
1446249600000,280.12,310.18
1446336000000,280.66,325.78
1446422400000,281.99,361.26
1446508800000,284.26,404.06
1446595200000,286.42,408
1446681600000,287.43,385.5
1446768000000,287.49,374.47
1446854400000,288.18,383.53
1446940800000,288.12,372.65
1447027200000,288.63,377.9
1447113600000,287.51,336.8
1447200000000,286.62,309.91
1447286400000,286.9,337.17
1447372800000,287.09,336.99
1447459200000,287.1,333
1447545600000,286.87,319.28
1447632000000,286.9,330.83
1447718400000,287.38,336.08
1447804800000,287.46,335.65
1447891200000,287.33,326.02
1447977600000,287.25,322.04
1448064000000,287.28,326.5
1448150400000,287.36,324.2
1448236800000,287.32,323.48
1448323200000,287.27,319.7
1448409600000,287.36,328.9
1448496000000,287.86,353.21
1448582400000,288.16,357.14
1448668800000,288.29,356.95
1448755200000,288.62,371.48
1448841600000,289.22,376.71
1448928000000,289.21,363.06
1449014400000,289.26,358.89
1449100800000,289.35,361.42
1449187200000,289.51,363.62
1449273600000,290.07,388
1449360000000,290.55,388.24
1449446400000,291.09,395.57
1449532800000,291.94,417.89
1449619200000,293.08,416.98
1449705600000,293.47,415.57
1449792000000,294.74,453.04
1449878400000,295.04,436.19
1449964800000,295.26,433.07
1450051200000,296.22,443.36
1450137600000,297.28,464.53
1450224000000,297.57,455.87
1450310400000,297.98,456.17
1450396800000,298.41,462.46
1450483200000,299.07,461.8
1450569600000,299.09,442.54
1450656000000,299.14,438.07
1450742400000,299.31,435.48
1450828800000,299.68,442.56
1450915200000,300.22,455
1451001600000,300.78,455.51
1451088000000,300.4,417.39
1451174400000,300.42,421.76
1451260800000,300.4,421.46
1451347200000,300.58,431.82
1451433600000,300.62,425.84
1451520000000,300.92,430.89
1451606400000,301.08,433.82
1451692800000,301.15,433.55
1451779200000,301.33,431.04
1451865600000,301.53,434.17
1451952000000,301.67,432.43
1452038400000,301.77,429.56
1452124800000,302.97,457
1452211200000,303.3,452.7
1452297600000,303.42,448.84
1452384000000,304.02,448.79
1452470400000,304.4,448
1452556800000,304.46,434.85
1452643200000,304.43,432.64
1452729600000,304.43,429.55
1452816000000,303.17,360
1452902400000,303.36,386.91
1452988800000,303.29,380.16
1453075200000,303.19,385.49
1453161600000,303.06,376.76
1453248000000,303.73,416.32
1453334400000,303.77,409.59
1453420800000,302.17,382.55
1453507200000,302.11,386.4
1453593600000,302.41,402.16
1453680000000,302.51,390.9
1453766400000,302.59,391.77
1453852800000,302.7,394.95
1453939200000,302.32,379.75
1454025600000,301.95,378.22
1454112000000,302.02,375.64
1454198400000,301.9,368.49
1454284800000,301.32,371.81
1454371200000,301.23,373.05
1454457600000,301.01,368.38
1454544000000,301.37,387.82
1454630400000,301.36,385
1454716800000,301.22,375.39
1454803200000,301.23,375
1454889600000,301.09,370.91
1454976000000,300.94,373.2
1455062400000,301.11,379.66
1455148800000,301.17,377.98
1455235200000,301.3,383.27
1455321600000,301.47,390.99
1455408000000,301.83,405
1455494400000,301.91,399.28
1455580800000,302.41,407.51
1455667200000,303.05,415.54
1455753600000,303.34,421.18
1455840000000,303.75,419.54
1455926400000,304.23,434.63
1456012800000,304.49,438.5
1456099200000,304.77,438.27
1456185600000,304.65,419.1
1456272000000,304.9,423.78
1456358400000,305,423.51
1456444800000,305.28,432
1456531200000,305.4,431.07
1456617600000,305.69,431.68
1456704000000,306.27,435.23
1456790400000,306.93,432.5
1456876800000,306.97,423.45
1456963200000,307.12,420.29
1457049600000,306.93,408.01
1457136000000,307.02,399.83
1457222400000,307.12,406.23
1457308800000,307.41,414.01
1457395200000,307.43,411.75
1457481600000,307.32,413
1457568000000,307.49,416
1457654400000,307.63,419.13
1457740800000,307.63,410.9
1457827200000,307.74,413.04
1457913600000,307.9,414.99
1458000000000,308.01,415.85
1458086400000,308.16,416.57
1458172800000,308.33,418.49
1458259200000,308.28,407.91
1458345600000,308.26,409.04
1458432000000,308.28,411.28
1458518400000,308.45,411.67
1458604800000,308.7,416.64
1458691200000,308.81,417.62
1458777600000,308.9,415.17
1458864000000,309.14,415.7
1458950400000,309.3,416.96
1459036800000,309.57,424.77
1459123200000,309.79,422.87
1459209600000,309.81,415.95
1459296000000,309.87,413.74
1459382400000,309.99,414.66
1459468800000,310.1,416.31
1459555200000,310.22,419
1459641600000,310.31,419.11
1459728000000,310.38,418.75
1459814400000,310.58,422.71
1459900800000,310.86,421.03
1459987200000,311.54,420
1460073600000,311.54,417.75
1460160000000,311.58,418.24
1460246400000,311.96,420.04
1460332800000,312.11,422.69
1460419200000,312.37,425.54
1460505600000,312.43,423.93
1460592000000,312.53,424.86
1460678400000,312.71,429.45
1460764800000,312.84,430.69
1460851200000,312.86,427.42
1460937600000,312.95,428.14
1461024000000,313.2,435.63
1461110400000,313.5,442.13
1461196800000,313.9,451
1461283200000,314.17,447.7
1461369600000,314.35,451.92
1461456000000,314.79,460.02
1461542400000,315.42,462.33
1461628800000,315.96,467.42
1461715200000,315.76,445.38
1461801600000,315.99,449.14
1461888000000,316.27,456.53
1461974400000,316.29,448.37
1462060800000,316.63,453
1462147200000,316.63,444.06
1462233600000,316.78,450.61
1462320000000,316.87,446.63
1462406400000,316.99,448.5
1462492800000,317.44,458.48
1462579200000,317.57,458.07
1462665600000,317.71,458.21
1462752000000,317.91,460.82
1462838400000,318.02,451.62
1462924800000,318.21,452.91
1463011200000,318.39,455.2
1463097600000,318.5,455.91
1463184000000,318.7,455.57
1463270400000,318.82,457.56
1463356800000,318.82,454
1463443200000,319.95,453.08
1463529600000,320.08,452.92
1463616000000,319.96,436.3
1463702400000,320.25,442.72
1463788800000,320.33,443.31
1463875200000,320.34,438.8
1463961600000,320.53,442.99
1464048000000,320.62,443.97
1464134400000,320.9,448.7
1464220800000,321.11,452.07
1464307200000,322.44,472.05
1464393600000,324.02,519.41
1464480000000,324.93,517.84
1464566400000,325.98,527.64
1464652800000,326.88,531.84
1464739200000,327.66,536.95
1464825600000,328.72,538
1464912000000,329.74,569.94
1464998400000,330.39,573.8
1465084800000,330.99,573.91
1465171200000,332.04,584.5
1465257600000,332.53,577.54
1465344000000,333.27,583.03
1465430400000,333.7,575.01
1465516800000,334.29,578.01
1465603200000,335.23,610
1465689600000,338.07,672.13
1465776000000,342.33,704.49
1465862400000,343.45,685.25
1465948800000,345.42,695
1466035200000,350.7,766.62
1466121600000,352.13,745.22
1466208000000,353.42,754.83
1466294400000,354.39,761.44
1466380800000,354.99,730.85
1466467200000,355.07,667.54
1466553600000,353.32,601.3
1466640000000,353.73,624.91
1466726400000,354.64,661.71
1466812800000,355.3,659.86
1466899200000,354.97,630.16
1466985600000,355.82,657.5
1467072000000,355.97,646.08
1467158400000,355.88,634.11
1467244800000,357.11,667.95
1467331200000,357.73,674.86
1467417600000,358.57,702.48
1467504000000,358.53,658.27
1467590400000,359.12,680.35
1467676800000,359.64,668.94
1467763200000,360.1,674.7
1467849600000,359.79,638.19
1467936000000,360.42,663
1468022400000,360.79,647.78
1468108800000,361.17,648.76
1468195200000,361.64,649.32
1468281600000,362.09,663.52
1468368000000,362.26,655.06
1468454400000,362.52,659.1
1468540800000,362.77,664.6
1468627200000,362.98,662.45
1468713600000,363.75,679.54
1468800000000,363.94,672.1
1468886400000,364.56,673.48
1468972800000,364.67,667.03
1469059200000,364.8,663.99
1469145600000,364.76,649.95
1469232000000,364.84,655.52
1469318400000,365.52,661.47
1469404800000,365.82,654.96
1469491200000,366,651.24
1469577600000,366.37,653.48
1469664000000,366.55,653.07
1469750400000,366.78,654.61
1469836800000,367.03,654.67
1469923200000,366.68,623.83
1470009600000,366.22,606.35
1470096000000,364.11,540
1470182400000,364.08,563.42
1470268800000,364.62,576.13
1470355200000,364.61,572.5
1470441600000,364.73,589.48
1470528000000,364.84,592.47
1470614400000,364.92,591.88
1470700800000,364.76,582.75
1470787200000,364.65,590.27
1470873600000,364.56,585.22
1470960000000,364.62,585.91
1471046400000,364.67,583.52
1471132800000,364.58,568.76
1471219200000,364.38,565.55
1471305600000,364.65,574.99
1471392000000,364.59,570.91
1471478400000,364.63,571.49
1471564800000,364.73,572.91
1471651200000,365.38,577.88
1471737600000,365.48,577.55
1471824000000,365.6,582.78
1471910400000,365.61,580.23
1471996800000,365.56,577.58
1472083200000,366.22,575.71
1472169600000,366.36,578.78
1472256000000,366.28,568.31
1472342400000,366.34,573.2
1472428800000,366.2,571.5
1472515200000,366.46,575.91
1472601600000,366.74,570.75
1472688000000,366.75,571.05
1472774400000,366.8,572
1472860800000,367.13,595.01
1472947200000,367.43,603.72
1473033600000,367.64,603.48
1473120000000,368,608.16
1473206400000,368.33,615.16
1473292800000,368.77,625.67
1473379200000,369.06,622.01
1473465600000,369.23,621.65
1473552000000,369.31,606.32
1473638400000,369.4,608.04
1473724800000,369.8,607.46
1473811200000,369.97,608.5
1473897600000,370.08,606.71
1473984000000,370.34,605.69
1474070400000,370.42,604.1
1474156800000,370.57,608
1474243200000,370.7,608.72
1474329600000,371.12,600.94
1474416000000,371.13,595.46
1474502400000,371.16,595.41
1474588800000,371.28,601.42
1474675200000,371.22,599.33
1474761600000,371.52,598.98
1474848000000,371.78,606.47
1474934400000,371.97,604.26
1475020800000,372.07,603.95
1475107200000,372.18,605.6
1475193600000,372.26,608.23
1475280000000,372.41,612.98
1475366400000,372.47,608.6
1475452800000,372.85,611.16
1475539200000,373.18,607.19
1475625600000,373.33,608.49
1475712000000,373.51,610.25
1475798400000,373.69,614.88
1475884800000,373.86,614.34
1475971200000,373.95,613.06
1476057600000,374.13,616
1476144000000,374.92,639
1476230400000,375.61,634.5
1476316800000,375.83,634.02
1476403200000,376.07,638.2
1476489600000,376.21,635.96
1476576000000,376.41,638.97
1476662400000,377.02,636.91
1476748800000,377.48,635.95
1476835200000,377.61,627.98
1476921600000,377.77,628.89
1477008000000,378.21,629
1477094400000,378.62,654.52
1477180800000,378.82,648.74
1477267200000,379.16,648.6
1477353600000,379.63,651.97
1477440000000,380.53,675.11
1477526400000,381.55,684.71
1477612800000,381.96,685.91
1477699200000,382.81,711.13
1477785600000,382.99,697.23
1477872000000,383.65,697.01
1477958400000,384.65,726.6
1478044800000,385.45,742
1478131200000,385.29,685.22
1478217600000,385.76,702.7
1478304000000,385.98,703.46
1478390400000,386.29,709.93
1478476800000,386.55,702.86
1478563200000,387.3,709.31
1478649600000,388.12,721.5
1478736000000,388.52,714.47
1478822400000,388.93,716.39
1478908800000,389.01,702.28
1478995200000,389.14,700.38
1479081600000,389.48,703.82
1479168000000,389.99,711.06
1479254400000,391.35,739.71
1479340800000,392.09,735.24
1479427200000,392.91,748.98
1479513600000,393.3,750.75
1479600000000,393.35,727.09
1479686400000,393.86,736.76
1479772800000,394.62,749.22
1479859200000,395.06,740.18
1479945600000,396.89,735.63
1480032000000,397.17,737.07
1480118400000,397.43,729.91
1480204800000,397.71,727.32
1480291200000,398.12,729.54
1480377600000,398.41,730.76
1480464000000,398.96,742.06
1480550400000,399.66,751.54
1480636800000,400.74,769.99
1480723200000,403.74,760.75
1480809600000,404.02,762
1480896000000,404.38,750.24
1480982400000,404.8,758.98
1481068800000,405.32,763.99
1481155200000,406.03,766.84
1481241600000,406.41,769.57
1481328000000,407.08,772.28
1481414400000,407.37,768.97
1481500800000,407.96,776.9
1481587200000,408.47,775.35
1481673600000,409.01,777.09
1481760000000,409.57,775.89
1481846400000,410.17,781.32
1481932800000,410.72,788.52
1482019200000,411.31,788.67
1482105600000,411.7,791
1482192000000,412.54,798.65
1482278400000,414.61,832.75
1482364800000,416.58,859.96
1482451200000,419.82,914
1482537600000,420.5,892.61
1482624000000,421.21,890.67
1482710400000,422.16,897.1
1482796800000,423.89,930.34
1482883200000,426.77,976.47
1482969600000,428.75,969.58
1483056000000,430.27,959.54
1483142400000,431.02,966.3
1483228800000,432.45,997.75
1483315200000,434.75,1012.54
1483401600000,437.28,1035.24
1483488000000,442.47,1114.92
1483574400000,446.6,1004.74
1483660800000,445.16,893.89
1483747200000,445.42,906.2
1483833600000,445.9,909.75
1483920000000,446.36,896.23
1484006400000,446.91,905.05
1484092800000,444.86,778.62
1484179200000,444.91,807.47
1484265600000,445.21,825.86
1484352000000,445.15,818.27
1484438400000,445.32,821.86
1484524800000,445.56,831.81
1484611200000,447.15,905.99
1484697600000,447.55,887.7
1484784000000,448.18,901.01
1484870400000,448.58,895.8
1484956800000,449.34,921.98
1485043200000,450.12,923.76
1485129600000,450.64,913.52
1485216000000,451.12,885.47
1485302400000,451.93,893.43
1485388800000,452.84,914.83
1485475200000,453.33,918.02
1485561600000,453.64,918.6
1485648000000,454.92,912.01
1485734400000,455.38,919.99
1485820800000,456.6,963.99
1485907200000,457.83,983.67
1485993600000,459.25,1009.17
1486080000000,461.05,1016.99
1486166400000,462.07,1033.18
1486252800000,462.72,1011.07
1486339200000,463.91,1023.99
1486425600000,465.68,1052.48
1486512000000,466.83,1050.4
1486598400000,467.17,986
1486684800000,468.57,996.08
1486771200000,469,1012.4
1486857600000,469.51,1000.73
1486944000000,470.4,1000.79
1487030400000,471.17,1008.88
1487116800000,471.61,1011.53
1487203200000,472.51,1032.7
1487289600000,474.35,1055.46
1487376000000,475.18,1056.4
1487462400000,475.81,1051.8
1487548800000,476.92,1084
1487635200000,478.83,1124.62
1487721600000,481.36,1130.01
1487808000000,484.15,1188.11
1487894400000,487.51,1180.14
1487980800000,488.17,1152.2
1488067200000,489.01,1179.05
1488153600000,490.65,1194.64
1488240000000,491.89,1191.21
1488326400000,494.33,1226.39
1488412800000,497.21,1257.6
1488499200000,500.53,1285.33
1488585600000,501.74,1260
1488672000000,503.04,1273
1488758400000,505.32,1278.49
1488844800000,506.33,1233.05
1488931200000,506.64,1150.05
1489017600000,507.59,1190.89
1489104000000,507.45,1116.97
1489190400000,508.5,1176.55
1489276800000,509.8,1226.62
1489363200000,513.41,1242.46
1489449600000,514.78,1245.86
1489536000000,517.06,1257.32
1489622400000,517.87,1172.62
1489708800000,517.06,1071.02
1489795200000,516.1,969.4
1489881600000,516.76,1017.97
1489968000000,516.8,1035.96
1490054400000,518.95,1114.39
1490140800000,519.28,1037.56
1490227200000,519.1,1029.65
1490313600000,518.21,929.06
1490400000000,518.87,956.02
1490486400000,519.41,960
1490572800000,520.83,1039.92
1490659200000,521.82,1043.99
1490745600000,522.22,1035.96
1490832000000,522.85,1033.7
1490918400000,524.66,1070.31
1491004800000,525.56,1083.94
1491091200000,526.06,1078.01
1491177600000,528.1,1144.77
1491264000000,529.19,1143
1491350400000,530.32,1134.58
1491436800000,532.28,1190.85
1491523200000,534.18,1190.66
1491609600000,534.87,1184.03
1491696000000,536.04,1206.2
1491782400000,537.36,1209.25
1491868800000,538.81,1218.99
1491955200000,540.2,1212.17
1492041600000,540.46,1172.91
1492128000000,541.19,1170.34
1492214400000,541.61,1173.45
1492300800000,541.81,1162.31
1492387200000,543.31,1176.54
1492473600000,544.73,1202.58
1492560000000,545.65,1203.98
1492646400000,547.3,1234.19
1492732800000,548.35,1243.61
1492819200000,548.8,1233.2
1492905600000,549.58,1241.99
1492992000000,551.12,1253.58
1493078400000,552.76,1269
1493164800000,554.47,1287.99
1493251200000,556.85,1331.53
1493337600000,559.65,1330.7
1493424000000,560.93,1333
1493510400000,562.54,1350.21
1493596800000,566.27,1390.86
1493683200000,570.02,1447.75
1493769600000,573.64,1503.22
1493856000000,579.45,1537.23
1493942400000,583.58,1514.9
1494028800000,586.53,1558.02
1494115200000,588.59,1554.01
1494201600000,594.76,1649.54
1494288000000,601.03,1720.28
1494374400000,606.13,1772.58
1494460800000,613.37,1828.45
1494547200000,615.65,1691.51
1494633600000,618.98,1776.89
1494720000000,620.88,1784
1494806400000,622.99,1705.48
1494892800000,625.02,1700.01
1494979200000,631.02,1782.99
1495065600000,635.29,1878.99
1495152000000,641.72,1958
1495238400000,646.86,2013.99
1495324800000,651.48,2017.55
1495411200000,662.9,2099.97
1495497600000,675.93,2264.23
1495584000000,688.75,2420.29
1495670400000,700.57,2292.53
1495756800000,708.18,2279.82
1495843200000,708.42,2042
1495929600000,712.44,2178.81
1496016000000,717.78,2292.1
1496102400000,721.44,2203.51
1496188800000,729.37,2298.01
1496275200000,738,2413.63
1496361600000,744.58,2488.94
1496448000000,751.08,2540.94
1496534400000,756.18,2530.27
1496620800000,765.72,2698
1496707200000,777.15,2880.74
1496793600000,781.11,2683.03
1496880000000,789.65,2806
1496966400000,797.02,2822.32
1497052800000,807.21,2899.99
1497139200000,814.68,2954.22
1497225600000,823.05,2667.06
1497312000000,833.03,2703.02
1497398400000,835.15,2450
1497484800000,837.1,2424.91
1497571200000,842.49,2484.68
1497657600000,846.36,2630
1497744000000,852.55,2516.98
1497830400000,859.45,2598
1497916800000,867.65,2740
1498003200000,871.46,2657.04
1498089600000,877.58,2713.48
1498176000000,881.19,2685.05
1498262400000,882.68,2557.66
1498348800000,883.47,2502.03
1498435200000,883.69,2421.22
1498521600000,888.12,2565
1498608000000,892.12,2559.9
1498694400000,895.78,2541.59
1498780800000,899.9,2465.49
1498867200000,900.66,2412.41
1498953600000,903.61,2504.37
1499040000000,908.3,2550.47
1499126400000,911.58,2596.12
1499212800000,916.57,2602.9
1499299200000,919.27,2600.39
1499385600000,923.06,2501.46
1499472000000,925.24,2550.07
1499558400000,925.95,2502.28
1499644800000,924.15,2323.45
1499731200000,924.82,2305.98
1499817600000,926.39,2388
1499904000000,927.74,2339.99
1499990400000,927.26,2213.37
1500076800000,923.2,1970.51
1500163200000,920.75,1917.63
1500249600000,927.26,2226
1500336000000,930.36,2303.71
1500422400000,932.31,2265.21
1500508800000,947.61,2875.03
1500595200000,950.64,2670
1500681600000,956.74,2832.71
1500768000000,959.44,2749.02
1500854400000,963.85,2759.98
1500940800000,971.84,2564.82
1501027200000,974.15,2524.99
1501113600000,983.39,2666.33
1501200000000,1002.93,2777.01
1501286400000,1019.42,2680.56
1501372800000,1042.15,2742.37
1501459200000,1072.76,2855.81
1501545600000,1084.27,2731
1501632000000,1094.05,2703.51
1501718400000,1107.45,2793.37
1501804800000,1130.54,2855
1501891200000,1153.81,3263.62
1501977600000,1176.84,3222.75
1502064000000,1202.71,3387.55
1502150400000,1223.53,3412.41
1502236800000,1237.49,3342.99
1502323200000,1248.81,3413.03
1502409600000,1262.43,3645.06
1502496000000,1279.98,3855.1
1502582400000,1297.38,4053.87
1502668800000,1321.04,4306.23
1502755200000,1333.87,4155.67
1502841600000,1350.78,4378.84
1502928000000,1368.87,4276.5
1503014400000,1378.98,4100
1503100800000,1394.3,4099.55
1503187200000,1411.12,4058.68
1503273600000,1418.82,3987.52
1503360000000,1431.41,4085
1503446400000,1444.33,4108.12
1503532800000,1454.48,4300.34
1503619200000,1464.15,4355.98
1503705600000,1472.44,4333.38
1503792000000,1479.63,4337.68
1503878400000,1490.38,4379.99
1503964800000,1510.36,4578.82
1504051200000,1522.49,4573.2
1504137600000,1542.61,4734.26
1504224000000,1562.66,4921.7
1504310400000,1571.44,4599.9
1504396800000,1578.67,4606.26
1504483200000,1584.72,4277
1504569600000,1592.6,4396.52
1504656000000,1605.45,4605.8
1504742400000,1624.1,4615
1504828800000,1625.01,4312
1504915200000,1627.63,4308.72
1505001600000,1634.86,4226.22
1505088000000,1638.09,4207.31
1505174400000,1641.18,4172.56
1505260800000,1636.97,3865.34
1505347200000,1623.18,3227.79
1505433600000,1630.73,3700.01
1505520000000,1633.5,3678.93
1505606400000,1634.21,3662.99
1505692800000,1641.92,4101.6
1505779200000,1643.88,3888.8
1505865600000,1646.33,3874.46
1505952000000,1645.04,3617.05
1506038400000,1646.99,3612.18
1506124800000,1649.98,3779.17
1506211200000,1650.2,3664.22
1506297600000,1668.53,3918
1506384000000,1672.4,3888.03
1506470400000,1680.92,4199.29
1506556800000,1688.09,4184.84
1506643200000,1692.45,4164.82
1506729600000,1701.26,4326.09
1506816000000,1706.59,4377.22
1506902400000,1715.8,4391.48
1506988800000,1720.98,4315.83
1507075200000,1724.17,4219.53
1507161600000,1735.98,4301.09
1507248000000,1741.7,4362.95
1507334400000,1746.78,4423.3
1507420800000,1755.38,4597.98
1507507200000,1772.38,4764.7
1507593600000,1784.49,4749.29
1507680000000,1791.71,4822.01
1507766400000,1811.36,5445
1507852800000,1837.7,5653.6
1507939200000,1851.51,5801.29
1508025600000,1862.74,5679.7
1508112000000,1879.67,5745.72
1508198400000,1892.42,5597.31
1508284800000,1902.29,5582.05
1508371200000,1920.17,5698.69
1508457600000,1934.04,5977.29
1508544000000,1945.01,6013.46
1508630400000,1963.22,5969
1508716800000,1998.56,5871.17
1508803200000,2010.39,5523.4
1508889600000,2022.39,5735.88
1508976000000,2032.21,5890
1509062400000,2041.56,5771.89
1509148800000,2046.29,5730.69
1509235200000,2059.1,6137.37
1509321600000,2073.22,6119.99
1509408000000,2089.69,6434.21
1509494400000,2116.92,6741.59
1509580800000,2151.77,7030
1509667200000,2175.05,7146.82
1509753600000,2194.8,7388.83
1509840000000,2216.52,7372.72
1509926400000,2228.78,6967.68
1510012800000,2248.8,7130.28
1510099200000,2269.06,7450.32
1510185600000,2291.36,7148
1510272000000,2303.3,6588.18
1510358400000,2316.48,6355.13
1510444800000,2357.91,5870.37
1510531200000,2388.09,6525.17
1510617600000,2403.12,6609
1510704000000,2437.53,7294
1510790400000,2479,7846.96
1510876800000,2518.28,7674.99
1510963200000,2538.53,7771.03
1511049600000,2561,8016.58
1511136000000,2593.51,8226.17
1511222400000,2626.25,8095.23
1511308800000,2645.98,8214.69
1511395200000,2660.39,7989
1511481600000,2695,8199.19
1511568000000,2734.37,8717.99
1511654400000,2777.51,9271.06
1511740800000,2829.7,9708.07
1511827200000,2893.98,9868.82
1511913600000,2950.01,9824.68
1512000000000,2987.08,9947.67
1512086400000,3037.72,10840.45
1512172800000,3078.98,10872
1512259200000,3110.69,11250
1512345600000,3160.84,11613.07
1512432000000,3207.41,11677
1512518400000,3307.34,13623.5
1512604800000,3583.78,16599.99
1512691200000,3715.82,15800
1512777600000,3759.41,14607.49
1512864000000,3814.14,14691
1512950400000,3915.25,16470
1513036800000,4051.12,16650.01
1513123200000,4138.39,16250
1513209600000,4202.77,16404.99
1513296000000,4286.83,17471.5
1513382400000,4374.08,19187.78
1513468800000,4471.61,18953
1513555200000,4545.22,18940.57
1513641600000,4590.24,17700
1513728000000,4666.21,16466.98
1513814400000,4690.59,15600.01
1513900800000,4703.87,14009.79
1513987200000,4728.52,14619
1514073600000,4749.84,14157.87
1514160000000,4758,13911.28
1514246400000,4813.29,15764.44
1514332800000,4872.51,15364.93
1514419200000,4889.84,14470.07
1514505600000,4912.92,14340
1514592000000,4929.36,12640
1514678400000,4953.64,13880
1514764800000,4954.83,13443.41
1514851200000,5000.92,14678.94
1514937600000,5032.94,15155.62
1515024000000,5080.36,15143.67
1515110400000,5173.46,16928
1515196800000,5233.52,17149.67
1515283200000,5297.4,16124.02
1515369600000,5297.49,14999.99
1515456000000,5311.63,14403.51
1515542400000,5338.23,14890.02
1515628800000,5340.07,13243.83
1515715200000,5362.23,13781.41
1515801600000,5378.89,14197.78
1515888000000,5386.4,13647.99
1515974400000,5390.01,13607.04
1516060800000,5361.36,11386.34
1516147200000,5353.26,11191.35
1516233600000,5344.4,11247.57
1516320000000,5346.98,11552
1516406400000,5360.6,12775.99
1516492800000,5349.25,11558.87
1516579200000,5339.13,10808.99
1516665600000,5328.3,10851.82
1516752000000,5332.18,11400.96
1516838400000,5329.87,11155.54
1516924800000,5342.2,11092.95
1517011200000,5348.55,11446.54
1517097600000,5373.83,11685.58
1517184000000,5370.83,11162.62
1517270400000,5338.12,9971
1517356800000,5333.52,10149
1517443200000,5308.39,8998.99
1517529600000,5270.67,8838.83
1517616000000,5265.55,9225.86
1517702400000,5263.8,8191
1517788800000,5218.07,6874.27
1517875200000,5208.11,7737.37
1517961600000,5186.65,7588.01
1518048000000,5181.38,8259.76
1518134400000,5181.15,8693.98
1518220800000,5178.98,8560
1518307200000,5173.43,8067
1518393600000,5180.16,8899
1518480000000,5172.03,8522.99
1518566400000,5185.84,9490.98
1518652800000,5204.9,10018
1518739200000,5213.99,10196
1518825600000,5227.13,11101
1518912000000,5231.15,10421.06
1518998400000,5247.77,11173
1519084800000,5266.86,11233.41
1519171200000,5268.82,10449.4
1519257600000,5332.13,9843.34
1519344000000,5340.04,10166.1
1519430400000,5334.91,9689.99
1519516800000,5333.81,9590.04
1519603200000,5340.98,10324.7
1519689600000,5348.29,10566.3
1519776000000,5356.61,10314.9
1519862400000,5369.12,10903.13
1519948800000,5377.99,11029.99
1520035200000,5385.17,11445
1520121600000,5396.26,11463.27
1520208000000,5412.32,11419.24
1520294400000,5414.29,10723.76
1520380800000,5400.81,9913.03
1520467200000,5387.68,9285.32
1520553600000,5360.8,9230
1520640000000,5351.15,8791.47
1520726400000,5357.55,9535.04
1520812800000,5351.82,9120.75
1520899200000,5348.41,9142.32
1520985600000,5331.04,8196.69
1521072000000,5323.87,8265.05
1521158400000,5316.22,8258.54
1521244800000,5308.85,7860.83
1521331200000,5307.23,8188.24
1521417600000,5307.91,8596.93
1521504000000,5308.13,8904.02
1521590400000,5308.29,8893.79
1521676800000,5303.42,8704.67
1521763200000,5304.51,8920.79
1521849600000,5304.23,8547
1521936000000,5297.85,8453.9
1522022400000,5285.78,8149.66
1522108800000,5277.17,7791.7
1522195200000,5270.12,7932.41
1522281600000,5250.14,7088.38
1522368000000,5233.7,6850
1522454400000,5230.25,6928.62
1522540800000,5223.11,6813.52
1522627200000,5219.36,7052.76
1522713600000,5216.25,7416.27
1522800000000,5205.42,6799.95
1522886400000,5197.91,6771.69
1522972800000,5187.73,6618.33
1523059200000,5184.27,6904.9
1523145600000,5183.4,7027.26
1523232000000,5174.77,6780.1
1523318400000,5170.02,6835.67
1523404800000,5167.53,6940.94
1523491200000,5174.9,7923.78
1523577600000,5178.92,7896.92
1523664000000,5179.14,8000.41
1523750400000,5182.02,8354.22
1523836800000,5180.95,8048.15
1523923200000,5178.29,7890.87
1524009600000,5181.21,8172.84
1524096000000,5197.8,8271.31
1524182400000,5208.82,8861
1524268800000,5215.8,8920.71
1524355200000,5218.39,8789.96
1524441600000,5225.62,8946.95
1524528000000,5241.3,9648
1524614400000,5239.25,8864.99
1524700800000,5255.44,9274.48
1524787200000,5252.6,8921.43
1524873600000,5257.49,9345.11
1524960000000,5259.87,9393.99
1525046400000,5263.91,9242.17
1525132800000,5264.7,9066.9
1525219200000,5276.76,9222
1525305600000,5284.72,9732.43
1525392000000,5291.32,9696.57
1525478400000,5295.74,9823.28
1525564800000,5296.9,9623.54
1525651200000,5297.14,9359.52
1525737600000,5295.84,9167.69
1525824000000,5301.85,9308.49
1525910400000,5302.74,9020.99
1525996800000,5295.19,8411.42
1526083200000,5294.91,8481.6
1526169600000,5295.54,8696.58
1526256000000,5323.67,8674.36
1526342400000,5322.98,8474.99
1526428800000,5317.21,8346.59
1526515200000,5335.54,8067.03
1526601600000,5332.46,8248.87
1526688000000,5333.69,8231.2
1526774400000,5335.63,8518.48
1526860800000,5336.98,8391.76
1526947200000,5331.82,7984.08
1527033600000,5324.41,7502.89
1527120000000,5325.01,7586.88
1527206400000,5320.32,7471.18
1527292800000,5317.52,7335.99
1527379200000,5315.29,7347.39
1527465600000,5306.57,7112.5
1527552000000,5304.91,7469.45
1527638400000,5302.57,7375.73
1527724800000,5299.81,7492.28
1527811200000,5297.3,7511.6
1527897600000,5297.65,7642
1527984000000,5298.66,7703.67
1528070400000,5295.28,7488.26
1528156800000,5292.66,7617.98
1528243200000,5292.13,7658.57
1528329600000,5291.15,7689.28
1528416000000,5287.99,7618.11
1528502400000,5285.42,7492.7
1528588800000,5271.91,6781.17
1528675200000,5263.31,6880.61
1528761600000,5252.94,6557.67
1528848000000,5235.57,6307.4
1528934400000,5232.83,6646.1
1529020800000,5225.49,6390.6
1529107200000,5223.98,6487.92
1529193600000,5221.11,6453.41
1529280000000,5219.08,6707.5
1529366400000,5216.62,6736.52
1529452800000,5214.11,6756.58
1529539200000,5215.31,6718.33
1529625600000,5202.76,6050.45
1529712000000,5199.49,6177.38
1529798400000,5194.74,6153.4
1529884800000,5191.53,6253.61
1529971200000,5186.23,6068
1530057600000,5144.35,6135.64
1530144000000,5134.88,5848.33
1530230400000,5133.39,6204.24
1530316800000,5132.83,6385.71
1530403200000,5120.95,6349.99
1530489600000,5122.33,6612.98
1530576000000,5118.97,6507.99
1530662400000,5119.73,6584.25
1530748800000,5117.85,6533.69
1530835200000,5113.64,6596.53
1530921600000,5113.81,6759.99
1531008000000,5108.7,6706.6
1531094400000,5107.45,6666.75
1531180800000,5101.76,6299.46
1531267200000,5097.89,6380
1531353600000,5092.5,6243.88
1531440000000,5086.78,6215.59
1531526400000,5084.93,6243.98
1531612800000,5084.94,6349.3
1531699200000,5086.58,6721.04
1531785600000,5093.87,7310.71
1531872000000,5095.88,7374.88
1531958400000,5099.51,7471.42
1532044800000,5100.25,7330.84
1532131200000,5102.4,7409.92
1532217600000,5103.94,7396.6
1532304000000,5108.64,7719.62
1532390400000,5119.55,8403.83
1532476800000,5123.8,8174.06
1532563200000,5123.24,7926
1532649600000,5128.02,8183.05
1532736000000,5131.01,8237.74
1532822400000,5135.42,8216.74
1532908800000,5137.09,8160.21
1532995200000,5135.57,7725.43
1533081600000,5134.27,7602.01
1533168000000,5132.34,7536.37
1533254400000,5128.95,7416.98
1533340800000,5123.43,7009.99
1533427200000,5122.15,7032.61
1533513600000,5117.48,6936.11
1533600000000,5112.64,6717.68
1533686400000,5104.04,6283.59
1533772800000,5098.54,6543.76
1533859200000,5092.47,6139.99
1533945600000,5088.72,6239.98
1534032000000,5087.26,6310.82
1534118400000,5085.24,6252.63
1534204800000,5077.47,6193.62
1534291200000,5072.04,6272.3
1534377600000,5070.95,6313.51
1534464000000,5073.74,6580.15
1534550400000,5071.99,6399.28
1534636800000,5073.64,6481.99
1534723200000,5071.09,6260.82
1534809600000,5072.02,6479.27
1534896000000,5070.19,6355.76
1534982400000,5072.51,6525.01
1535068800000,5073.37,6692.94
1535155200000,5077.45,6732.4
1535241600000,5079.65,6700.46
1535328000000,5084.31,6904.51
1535414400000,5089.36,7080.94
1535500800000,5093.07,7032.96
1535587200000,5095.51,6984.01
1535673600000,5095.06,7017.35
1535760000000,5097.2,7185.01
1535846400000,5099.11,7290.31
1535932800000,5099.7,7258.99
1536019200000,5101.8,7361
1536105600000,5094.19,6679.3
1536192000000,5088.44,6493.09
1536278400000,5084.1,6400
1536364800000,5080.98,6178.31
1536451200000,5078.72,6236.04
1536537600000,5076.38,6301.99
1536624000000,5071.22,6279.99
1536710400000,5068.32,6322.45
1536796800000,5062.23,6485.7
1536883200000,5061.65,6476.51
1536969600000,5061.32,6520.15
1537056000000,5060.96,6499.98
1537142400000,5058.06,6254.52
1537228800000,5056.75,6332.34
1537315200000,5055.71,6388.4
1537401600000,5054.41,6492.98
1537488000000,5048.62,6749.45
1537574400000,5047.96,6710.01
1537660800000,5048.13,6702.22
1537747200000,5046.87,6581.52
1537833600000,5040.54,6428.99
1537920000000,5039.69,6461.51
1538006400000,5041.06,6681.62
1538092800000,5041.09,6610.76
1538179200000,5039.52,6579.38
1538265600000,5039.13,6597.81
1538352000000,5035.82,6571.2
1538438400000,5033.2,6500
1538524800000,5030.67,6456.77
1538611200000,5029.94,6547.56
1538697600000,5029.55,6582.12
1538784000000,5028.94,6544.08
1538870400000,5028.72,6577.63
1538956800000,5029.23,6604.75
1539043200000,5028.51,6588.8
1539129600000,5027.87,6517.55
1539216000000,5004.56,6152.76
1539302400000,5002.46,6185.15
1539388800000,5000.99,6199.69
1539475200000,4999.01,6183
1539561600000,4999.33,6441.74
1539648000000,4996.28,6461.2
1539734400000,4993.99,6437.29
1539820800000,4991.73,6396.18
1539907200000,4993.13,6383.46
1539993600000,4968.11,6412.86
1540080000000,4967.73,6413.38
1540166400000,4966.07,6406.06
1540252800000,4964.29,6393.41
1540339200000,4963.35,6411.96
1540425600000,4961.35,6393.53
1540512000000,4956.36,6406.1
1540598400000,4955.85,6407.66
1540684800000,4955.33,6405.57
1540771200000,4953.12,6266.52
1540857600000,4951.55,6269.46
1540944000000,4949.29,6303.27
1541030400000,4946.6,6340.99
1541116800000,4946.4,6350.43
1541203200000,4945.9,6335
1541289600000,4946.11,6421.76
1541376000000,4945.47,6403.2
1541462400000,4945.39,6447.5
1541548800000,4946.15,6501
1541635200000,4945.76,6405.49
1541721600000,4945.14,6325
1541808000000,4944.92,6349.32
1541894400000,4944.89,6357.54
1541980800000,4944.1,6318
1542067200000,4941.65,6260.91
1542153600000,4931.06,5595.91
1542240000000,4896.83,5585
1542326400000,4889.05,5508.71
1542412800000,4886.55,5503.36
1542499200000,4885.33,5559.26
1542585600000,4864.56,4735.44
1542672000000,4825.48,4352
1542758400000,4816.92,4538.01
1542844800000,4806.15,4275.23
1542931200000,4797.78,4288.26
1543017600000,4786.61,3785.65
1543104000000,4774.51,3938.89
1543190400000,4758.77,3727.34
1543276800000,4743.46,3771.01
1543363200000,4740.4,4220.16
1543449600000,4743.21,4249.8
1543536000000,4728.83,3971.06
1543622400000,4736.91,4140.39
1543708800000,4733.91,4102.05
1543795200000,4741.96,3834.34
1543881600000,4774.31,3903.52
1543968000000,4716.32,3696.69
1544054400000,4679.66,3437.26
1544140800000,4666.24,3380.68
1544227200000,4661.81,3398.8
1544313600000,4659.81,3529.75
1544400000000,4650.9,3408
1544486400000,4629.21,3353.42
1544572800000,4623.12,3430.18
1544659200000,4615.88,3262.73
1544745600000,4605.37,3195.75
1544832000000,4600.58,3179.54
1544918400000,4596.21,3193.78
1545004800000,4593.68,3496.73
1545091200000,4582.72,3667.16
1545177600000,4577.07,3684.5
1545264000000,4578.55,4073.77
1545350400000,4571.08,3841.08
1545436800000,4570.86,3980.9
1545523200000,4567.78,3943.83
1545609600000,4565.57,4036
1545696000000,4560.99,3779.99
1545782400000,4558.77,3810.01
1545868800000,4552.85,3591.69
1545955200000,4546.92,3884.97
1546041600000,4536.48,3725.48
1546128000000,4533.8,3835.79
1546214400000,4527.59,3693.3
1546300800000,4525.92,3823.44
1546387200000,4525.15,3885.87
1546473600000,4520.48,3787.81
1546560000000,4518.56,3817.71
1546646400000,4517.4,3791.84
1546732800000,4515.99,4040.71
1546819200000,4514.47,4005.45
1546905600000,4510.4,3994.9
1546992000000,4510.06,4002.13
1547078400000,4492,3627.51
1547164800000,4463.27,3632.02
1547251200000,4461.08,3617.13
1547337600000,4458.3,3515.95
1547424000000,4456.79,3664.28
1547510400000,4457.32,3576.93
1547596800000,4457.43,3605.91
1547683200000,4454.75,3638.01
1547769600000,4452.42,3609.21
1547856000000,4450.55,3681
1547942400000,4448.24,3536.72
1548028800000,4446.11,3531.51
1548115200000,4437.28,3576.81
1548201600000,4434.72,3552.32
1548288000000,4433.1,3570.73
1548374400000,4429.96,3560
1548460800000,4427.65,3555.56
1548547200000,4425.54,3533.23
1548633600000,4419.73,3429.5
1548720000000,4414.72,3390.5
1548806400000,4409.88,3437.35
1548892800000,4406.82,3413.11
1548979200000,4403.9,3434.83
1549065600000,4402.61,3462.82
1549152000000,4400.86,3414.82
1549238400000,4396.43,3410.87
1549324800000,4394.27,3431.39
1549411200000,4389.5,3364.62
1549497600000,4385.77,3359.33
1549584000000,4385.09,3622.94
1549670400000,4384.69,3622.62
1549756800000,4384.28,3650.37
1549843200000,4382.12,3588.7
1549929600000,4379.3,3585.94
1550016000000,4369.51,3574.93
1550102400000,4368.03,3560.46
1550188800000,4366.07,3566.29
1550275200000,4362.34,3579.92
1550361600000,4360.88,3625.6
1550448000000,4360.77,3869.8
1550534400000,4358.55,3888.46
1550620800000,4362.11,3936.53
1550707200000,4359.34,3900.4
1550793600000,4359.07,3939.82
1550880000000,4357.35,4113.53
1550966400000,4353.62,3730.68
1551052800000,4350.9,3820.71
1551139200000,4349.8,3795.06
1551225600000,4348.36,3798.47
1551312000000,4346.35,3791.36
1551398400000,4345.25,3807.05
1551484800000,4344.07,3810.46
1551571200000,4343.43,3789.52
1551657600000,4338.52,3698.66
1551744000000,4339.07,3844.07
1551830400000,4338.15,3851.55
1551916800000,4337.51,3856.64
1552003200000,4335.61,3844.64
1552089600000,4335.45,3916.43
1552176000000,4334.52,3897.92
1552262400000,4332.37,3849.25
1552348800000,4330.1,3859.74
1552435200000,4329.24,3848.48
1552521600000,4327.87,3854.77
1552608000000,4327.3,3901.21
1552694400000,4324.9,3990
1552780800000,4324.86,3965.5
1552867200000,4323.81,3969.59
1552953600000,4324.21,3998.13
1553040000000,4324.06,4031.59
1553126400000,4322.37,3974.21
1553212800000,4321.23,3982.07
1553299200000,4320.59,3982.52
1553385600000,4319.96,3969.99
1553472000000,4317.87,3910.51
1553558400000,4316.34,3922.58
1553644800000,4316.86,4025.5
1553731200000,4316.54,4012.23
1553817600000,4318.85,4090
1553904000000,4318.81,4094.92
1553990400000,4314.79,4096.08
1554076800000,4315.16,4136.32
1554163200000,4332.41,4899.63
1554249600000,4338.21,4978.23
1554336000000,4341.43,4907.94
1554422400000,4342.55,5039.73
1554508800000,4343.47,5041.39
1554595200000,4345.16,5190.85
1554681600000,4349.2,5287.88
1554768000000,4351.35,5192.6
1554854400000,4355.55,5323.47
1554940800000,4354.39,5040.2
1555027200000,4356.8,5076.35
1555113600000,4357.78,5063.63
1555200000000,4354.15,5162.72
1555286400000,4352.88,5027.31
1555372800000,4355.46,5202.43
1555459200000,4358.4,5233.72
1555545600000,4360.07,5281.58
1555632000000,4371.02,5289.91
1555718400000,4371.78,5318.89
1555804800000,4371.66,5295.65
1555891200000,4373.56,5386.8
1555977600000,4378.1,5531.32
1556064000000,4373.68,5440.95
1556150400000,4370.6,5132.55
1556236800000,4366,5155.19
1556323200000,4365.59,5168.91
1556409600000,4365.61,5160.98
1556496000000,4363.52,5149.11
1556582400000,4366.09,5269
1556668800000,4353.08,5318.42
1556755200000,4353.63,5385
1556841600000,4358.02,5658.22
1556928000000,4360.6,5764.65
1557014400000,4363.25,5709.32
1557100800000,4369.13,5685.46
1557187200000,4371.91,5751.54
1557273600000,4378.12,5940.89
1557360000000,4383.48,6156.7
1557446400000,4388.51,6342.84
1557532800000,4411.64,7217.47
1557619200000,4422.61,6974.35
1557705600000,4451.32,7810.05
1557792000000,4480.32,7986
1557878400000,4510.98,8208.69
1557964800000,4539.55,7880
1558051200000,4538.88,7351.71
1558137600000,4539.98,7260.12
1558224000000,4551.08,8200
1558310400000,4557.82,8005.64
1558396800000,4564.55,7955.16
1558483200000,4565.73,7624.95
1558569600000,4572.32,7880.22
1558656000000,4582.2,7999.02
1558742400000,4587.91,8064.64
1558828800000,4598.97,8733.26
1558915200000,4611.71,8770.73
1559001600000,4624.05,8717.96
1559088000000,4691.39,8663.41
1559174400000,4694.34,8277.76
1559260800000,4704.09,8547.2
1559347200000,4709.21,8556.27
1559433600000,4714.55,8734.49
1559520000000,4720.62,8103.64
1559606400000,4699.73,7665.53
1559692800000,4698.04,7785.94
1559779200000,4699.6,7806.07
1559865600000,4704.72,8001.25
1559952000000,4706.12,7932.27
1560038400000,4707.02,7632.99
1560124800000,4717.04,8021.1
1560211200000,4719.57,7919.1
1560297600000,4726.6,8176.27
1560384000000,4731.43,8238
1560470400000,4745.88,8697.54
1560556800000,4751.9,8857.19
1560643200000,4761.12,8974.19
1560729600000,4777.34,9333.48
1560816000000,4783.83,9078.84
1560902400000,4797.67,9278.27
1560988800000,4809.74,9534.99
1561075200000,4829.13,10222.12
1561161600000,4854.37,10661.3
1561248000000,4867.87,10831.95
1561334400000,4888.51,11029.63
1561420800000,4918.55,11751.01
1561507200000,4994.26,12920.54
1561593600000,5007.64,11153.74
1561680000000,5053.94,12354.43
1561766400000,5067.28,11858.62
1561852800000,5081.04,10760.1
1561939200000,5083.7,10577.43
1562025600000,5094.63,10828.9
1562112000000,5118.35,11967.43
1562198400000,5132.3,11146.34
1562284800000,5134.44,10997.84
1562371200000,5139.54,11240
1562457600000,5144.96,11469.96
1562544000000,5170.01,12286.14
1562630400000,5190.75,12567.23
1562716800000,5224.2,12098.95
1562803200000,5227.85,11349.24
1562889600000,5245.07,11808.91
1562976000000,5247.53,11378.79
1563062400000,5240.53,10191.87
1563148800000,5247.5,10850
1563235200000,5238.87,9412.81
1563321600000,5248.59,9699.35
1563408000000,5269.24,10648.6
1563494400000,5277.76,10535.43
1563580800000,5283.64,10750.11
1563667200000,5290.02,10600.24
1563753600000,5290.22,10328.83
1563840000000,5286.49,9847.02
1563926400000,5302.37,9763.67
1564012800000,5306.05,9883.96
1564099200000,5309.26,9846.94
1564185600000,5308.21,9481.37
1564272000000,5308.84,9533.19
1564358400000,5405.66,9495.39
1564444800000,5407.94,9593.62
1564531200000,5413.78,10085.34
1564617600000,5421.05,10407.71
1564704000000,5427.53,10529.51
1564790400000,5433.06,10821.52
1564876800000,5438.35,10986.96
1564963200000,5469.27,11800
1565049600000,5489.68,11470
1565136000000,5507.57,11971.57
1565222400000,5525.91,11983.43
1565308800000,5533.22,11859.32
1565395200000,5534.37,11273.2
1565481600000,5540.86,11528.73
1565568000000,5546.19,11385.11
1565654400000,5552.31,10862.28
1565740800000,5554.14,10022.99
1565827200000,5555.31,10301.44
1565913600000,5558,10354.34
1566000000000,5557.82,10210.89
1566086400000,5559.44,10318.99
1566172800000,5565,10927.3
1566259200000,5572.45,10772.22
1566345600000,5570.94,10134.75
1566432000000,5570.15,10112.01
1566518400000,5593.4,10401.6
1566604800000,5594.1,10149.7
1566691200000,5595.76,10136.75
1566777600000,5600.39,10360.97
1566864000000,5604.05,10167.29
1566950400000,5602.7,9711.78
1567036800000,5598.21,9490
1567123200000,5598.12,9579.75
1567209600000,5597.66,9594.15
1567296000000,5600.47,9767.53
1567382400000,5608.12,10384.48
1567468800000,5616.33,10617.61
1567555200000,5621.21,10586.26
1567641600000,5626.44,10573.66
1567728000000,5670.93,10311.09
1567814400000,5674.71,10484.39
1567900800000,5677.29,10400.18
1567987200000,5678.47,10307.45
1568073600000,5678.38,10096
1568160000000,5695.73,10154.46
1568246400000,5699.98,10420.34
1568332800000,5703.45,10368.65
1568419200000,5705.35,10355.37
1568505600000,5706.82,10305.74
1568592000000,5707.87,10269.98
1568678400000,5709.71,10195.73
1568764800000,5716.7,10152.09
1568851200000,5718.73,10271.53
1568937600000,5719.71,10169.02
1569024000000,5719.94,9985.28
1569110400000,5720.6,10020.58
1569196800000,5718.04,9682.19
1569283200000,5703.02,8536.82
1569369600000,5691.08,8432.16
1569456000000,5669.81,8055.03
1569542400000,5669.99,8187.72
1569628800000,5666.64,8218.07
1569715200000,5664.45,8047.6
1569801600000,5663.35,8298.45
1569888000000,5658.49,8319.01
1569974400000,5657.8,8373.42
1570060800000,5654.65,8239.92
1570147200000,5652.41,8152.07
1570233600000,5652.17,8145.17
1570320000000,5649.51,7854.12
1570406400000,5649.78,8205.53
1570492800000,5649.59,8178.54
1570579200000,5651.32,8586.34
1570665600000,5651.33,8582.11
1570752000000,5648.5,8265.55
1570838400000,5649,8303.43
1570924800000,5648.26,8282.96
1571011200000,5674.6,8362.99
1571097600000,5669.64,8155.13
1571184000000,5665.92,7995.89
1571270400000,5664.53,8073.32
1571356800000,5662.26,7955.08
1571443200000,5662.32,7960.49
1571529600000,5663.48,8235.74
1571616000000,5661.23,8213.65
1571702400000,5658.83,8025.9
1571788800000,5647.6,7470.77
1571875200000,5636.24,7435
1571961600000,5647.77,8662.66
1572048000000,5664.18,9252.75
1572134400000,5669.22,9557.08
1572220800000,5677,9216.44
1572307200000,5685.84,9426.94
1572393600000,5686.83,9159.94
1572480000000,5688.77,9150.07
1572566400000,5697.85,9250.45
1572652800000,5699.76,9304.75
1572739200000,5699.81,9207
1572825600000,5703.15,9410.76
1572912000000,5687.68,9320.14
1572998400000,5688.84,9344.78
1573084800000,5690.47,9199.36
1573171200000,5685.19,8767.37
1573257600000,5684.61,8812.21
1573344000000,5686.02,9024.49
1573430400000,5685.69,8720.36
1573516800000,5685.13,8813.91
1573603200000,5696.93,8755.24
1573689600000,5695.56,8636.9
1573776000000,5694,8463.49
1573862400000,5693.44,8484.63
1573948800000,5693.49,8499.31
1574035200000,5689.29,8170.65
1574121600000,5687.34,8121.63
1574208000000,5684.46,8088.44
1574294400000,5675.26,7611.51
1574380800000,5660.96,7285.85
1574467200000,5653.62,7320.39
1574553600000,5651.65,6908.36
1574640000000,5646.04,7122.14
1574726400000,5639.19,7159.22
1574812800000,5637.07,7527.84
1574899200000,5635.31,7436.72
1574985600000,5635.68,7753.69
1575072000000,5631.81,7550.67
1575158400000,5630.04,7412.66
1575244800000,5625.53,7309.64
1575331200000,5620.81,7300.43
1575417600000,5616.09,7197.78
1575504000000,5613.98,7390.42
1575590400000,5612.11,7541.79
1575676800000,5611.75,7502.65
1575763200000,5611.57,7524.26
1575849600000,5609.26,7340.52
1575936000000,5605.93,7216.07
1576022400000,5602.98,7207.42
1576108800000,5600.2,7188.42
1576195200000,5599.84,7257.47
1576281600000,5597.57,7059.03
1576368000000,5597.45,7115.08
1576454400000,5592.85,6882.19
1576540800000,5585.56,6612.3
1576627200000,5581.27,7286.91
1576713600000,5580.43,7149.57
1576800000000,5581.19,7194.11
1576886400000,5580.74,7147.4
1576972800000,5581.97,7509.7
1577059200000,5580.85,7316.17
1577145600000,5581.1,7251.52
1577232000000,5571.74,7195.79
1577318400000,5570.33,7188.3
1577404800000,5568.89,7246
1577491200000,5568.69,7296.24
1577577600000,5569.44,7385.54
1577664000000,5562.14,7220.24
1577750400000,5560.25,7168.36
1577836800000,5560.14,7178.68
1577923200000,5558.86,6950.56
1578009600000,5561.01,7338.91
1578096000000,5560.12,7344.48
1578182400000,5560.25,7356.7
1578268800000,5563.9,7762.74
1578355200000,5568.6,8159.01
1578441600000,5570.92,8044.44
1578528000000,5573.33,7806.78
1578614400000,5578.16,8200
1578700800000,5578.38,8016.22
1578787200000,5580.12,8180.76
1578873600000,5581.59,8105.01
1578960000000,5598.96,8813.04
1579046400000,5608.56,8809.17
1579132800000,5613.49,8710.15
1579219200000,5618.87,8892.63
1579305600000,5620.98,8908.53
1579392000000,5621.03,8696.6
1579478400000,5620.61,8625.17
1579564800000,5622.49,8717.89
1579651200000,5623.65,8655.93
1579737600000,5623.77,8378.44
1579824000000,5626.18,8422.13
1579910400000,5626.94,8329.5
1579996800000,5628.81,8590.48
1580083200000,5633.06,8894.54
1580169600000,5641.6,9400
1580256000000,5651.71,9289.18
1580342400000,5661.79,9500
1580428800000,5671.42,9327.85
1580515200000,5673.9,9377.17
1580601600000,5673.86,9329.39
1580688000000,5678.13,9288.09
1580774400000,5679.83,9159.37
1580860800000,5686.01,9618.42
1580947200000,5702.05,9754.63
1581033600000,5724.39,9803.42
1581120000000,5732.37,9902
1581206400000,5739.09,10173.97
1581292800000,5753.52,9850.01
1581379200000,5765.28,10268.98
1581465600000,5772.93,10348.78
1581552000000,5779.57,10228.67
1581638400000,5786.1,10364.04
1581724800000,5785.72,9899.78
1581811200000,5787.85,9912.89
1581897600000,5788.05,9697.15
1581984000000,5803.5,10185.17
1582070400000,5803.52,9595.72
1582156800000,5802.95,9612.76
1582243200000,5805.28,9696.13
1582329600000,5806.56,9668.13
1582416000000,5810.66,9965.21
1582502400000,5811.65,9652.58
1582588800000,5817.73,9305.4
1582675200000,5812.25,8779.36
1582761600000,5809.2,8816.5
1582848000000,5807.71,8703.84
1582934400000,5805.76,8527.74
1583020800000,5804.29,8528.95
1583107200000,5807.87,8917.34
1583193600000,5809.43,8755.45
1583280000000,5795.26,8753.28
1583366400000,5797.12,9066.65
1583452800000,5799.78,9153.79
1583539200000,5799.17,8893.93
1583625600000,5794.76,8033.7
1583712000000,5785.18,7936.25
1583798400000,5778.15,7885.92
1583884800000,5764.4,7934.57
1583971200000,5640.38,4841.67
1584057600000,5605.27,5622.74
1584144000000,5586.48,5169.37
1584230400000,5579.96,5343.64
1584316800000,5557.3,5033.42
1584403200000,5546.81,5324.99
1584489600000,5543.7,5406.92
1584576000000,5547.8,6181.18
1584662400000,5539.62,6210.14
1584748800000,5538.99,6187.78
1584835200000,5537.93,5813.15
1584921600000,5540.69,6493.51
1585008000000,5549.05,6768.64
1585094400000,5546.82,6692.22
1585180800000,5548.53,6760.72
1585267200000,5543.53,6376.03
1585353600000,5541.02,6253.08
1585440000000,5535.44,5870.9
1585526400000,5533.88,6407.77
1585612800000,5531.47,6421.14
1585699200000,5516.11,6652.07
1585785600000,5516.76,6801.99
1585872000000,5516.73,6742.57
1585958400000,5516.68,6879.61
1586044800000,5516.79,6775.2
1586131200000,5526.44,7352.43
1586217600000,5523.97,7202.73
1586304000000,5527.29,7367.36
1586390400000,5528.14,7293.93
1586476800000,5506.67,6877.03
1586563200000,5506.01,6883.18
1586649600000,5505.89,6908.24
1586736000000,5504.45,6864.22
1586822400000,5504.1,6879.75
1586908800000,5501.13,6619
1586995200000,5502.79,7111.67
1587081600000,5502.42,7024.19
1587168000000,5504.15,7262.26
1587254400000,5503.97,7126.4
1587340800000,5500.71,6841
1587427200000,5499.01,6854.98
1587513600000,5500.83,7137.79
1587600000000,5505.93,7484.58
1587686400000,5509.48,7505.53
1587772800000,5510.85,7547.56
1587859200000,5512.6,7701.73
1587945600000,5523.79,7786.41
1588032000000,5525.28,7767.79
1588118400000,5568.69,8790.32
1588204800000,5582.31,8627.32
1588291200000,5591.67,8832.44
1588377600000,5596.68,8983.79
1588464000000,5600.56,8915.98
1588550400000,5605.28,8882.87
1588636800000,5610.64,9034.85
1588723200000,5621.9,9154.32
1588809600000,5657.85,10000
1588896000000,5671.7,9801.35
1588982400000,5673.54,9546.56
1589068800000,5670.57,8731.17
1589155200000,5665.18,8571.98
1589241600000,5665.93,8825.46
1589328000000,5675.42,9315.5
1589414400000,5685.36,9793.5
1589500800000,5686.7,9306.21
1589587200000,5688.64,9389.07
1589673600000,5692.2,9665.7
1589760000000,5703,9721.91
1589846400000,5710.92,9787.65
1589932800000,5712.74,9516.51
1590019200000,5709.75,9062.47
1590105600000,5710.22,9171.96
1590192000000,5711.59,9183.46
1590278400000,5709.54,8718.77
1590364800000,5706.35,8903.56
1590451200000,5705.72,8840.91
1590537600000,5710.3,9210
1590624000000,5715.66,9577.38
1590710400000,5716.61,9421.04
1590796800000,5719.75,9705.1
1590883200000,5720.33,9446.19
1590969600000,5738.37,10203.64
1591056000000,5738.21,9525.73
1591142400000,5742.45,9668.99
1591228800000,5747.91,9791.92
1591315200000,5748.69,9619.99
1591401600000,5750.9,9669.85
1591488000000,5752.85,9750.04
1591574400000,5762.94,9783
1591660800000,5766.59,9776.84
1591747200000,5770.7,9894.32
1591833600000,5767.09,9264.26
1591920000000,5769.05,9463.07
1592006400000,5770.15,9473.46
1592092800000,5770.76,9329.99
1592179200000,5773.07,9435.15
1592265600000,5776.12,9530.3
1592352000000,5777.26,9461.29
1592438400000,5791.23,9374.78
1592524800000,5790.69,9304.32
1592611200000,5791.99,9355.46
1592697600000,5793.22,9283.03
1592784000000,5798.61,9683.12
1592870400000,5801.77,9622.81
1592956800000,5798.85,9286.06
1593043200000,5797.74,9239.48
1593129600000,5812.57,9158.26
1593216000000,5812.41,9009.3
1593302400000,5812.72,9118.01
1593388800000,5814.28,9188.88
1593475200000,5816.77,9132.96
1593561600000,5818.36,9233.38
1593648000000,5818.04,9092.92
1593734400000,5818.43,9063.08
1593820800000,5819.28,9138.52
1593907200000,5819.38,9076.82
1593993600000,5822.55,9348.22
1594080000000,5823.6,9257.16
1594166400000,5832.08,9437.16
1594252800000,5833.24,9234.9
1594339200000,5834.35,9283.53
1594425600000,5834.81,9238.3
1594512000000,5835.79,9306.17
1594598400000,5835.42,9233.1
1594684800000,5839.21,9251.59
1594771200000,5841.51,9190.07
1594857600000,5841.68,9132.87
1594944000000,5841.77,9156.5
1595030400000,5842.35,9177.43
1595116800000,5843.9,9211.99
1595203200000,5844.12,9162.43
1595289600000,5846.87,9391.25
1595376000000,5851.66,9539.51
1595462400000,5856.04,9617.2
1595548800000,5858.47,9547.91
1595635200000,5861.86,9710.98
1595721600000,5866.41,9944.65
1595808000000,5892.34,11046.19
1595894400000,5910.06,10939.27
1595980800000,5921.23,11111.17
1596067200000,5931.7,11112.12
1596153600000,5943.58,11356.74
1596240000000,5954.19,11817.49
1596326400000,5957.33,11071.66
1596412800000,5976.7,11236.39
1596499200000,5982.06,11192.42
1596585600000,5999.2,11755.24
1596672000000,6023.61,11770.08
1596758400000,6041.38,11600.85
1596844800000,6054.41,11776.9
1596931200000,6061.89,11683.03
1597017600000,6070.64,11895.12
1597104000000,6079.09,11392.64
1597190400000,6086.1,11565.35
1597276800000,6094.91,11793.26
1597363200000,6104.94,11779.77
1597449600000,6110.45,11852.2
1597536000000,6115.54,11914.02
1597622400000,6136.3,12298.38
1597708800000,6141.87,11958.1
1597795200000,6144.78,11757.55
1597881600000,6151.12,11859.37
1597968000000,6157.13,11531.74
1598054400000,6159.94,11667.7
1598140800000,6162.06,11644.65
1598227200000,6168.53,11761.8
1598313600000,6170.58,11328.88
1598400000000,6174.63,11469.3
1598486400000,6177.18,11330
1598572800000,6184.46,11536.58
1598659200000,6185.17,11471.71
1598745600000,6189.88,11708.97
1598832000000,6198.11,11655
1598918400000,6211.36,11923.96
1599004800000,6213.28,11398.44
1599091200000,6201.86,10160
1599177600000,6203.67,10456.32
1599264000000,6200.56,10167.19
1599350400000,6200.56,10260.17
1599436800000,6199.99,10377.14
1599523200000,6197.72,10123.96
1599609600000,6197.08,10232.8
1599696000000,6197.93,10342.59
1599782400000,6197.92,10393.04
1599868800000,6197.88,10443.33
1599955200000,6198.05,10334.78
1600041600000,6201.32,10675.15
1600128000000,6206.01,10783.83
1600214400000,6213.94,10951.54
1600300800000,6217.95,10940.47
1600387200000,6222.71,10931.2
1600473600000,6228.67,11077.22
1600560000000,6230.91,10923.5
1600646400000,6226.91,10411.29
1600732800000,6233.25,10534.31
1600819200000,6229.81,10233.42
1600905600000,6234.5,10744.02
1600992000000,6238.19,10689.81
1601078400000,6240.39,10729.09
1601164800000,6242.07,10780.66
1601251200000,6243.09,10689.48
1601337600000,6254.12,10836.42
1601424000000,6256.1,10778.22
1601510400000,6255.56,10622.71
1601596800000,6256.92,10578.54
1601683200000,6257.4,10553.66
1601769600000,6259.03,10669.63
1601856000000,6262.57,10795
1601942400000,6262.92,10606.33
1602028800000,6266.69,10669.14
1602115200000,6272.43,10925.2
1602201600000,6278.68,11052
1602288000000,6283.1,11301.2
1602374400000,6286.1,11372.93
1602460800000,6293.94,11535.98
1602547200000,6298.62,11427.98
1602633600000,6304.87,11428.84
1602720000000,6311.71,11511.11
1602806400000,6313.38,11321.86
1602892800000,6315.26,11365.8
1602979200000,6317.84,11519.97
1603065600000,6336.93,11764.14
1603152000000,6348.66,11921.11
1603238400000,6373.59,12802.67
1603324800000,6409.17,12983.26
1603411200000,6441.8,12941.59
1603497600000,6455.8,13122.73
1603584000000,6462.82,13039.09
1603670400000,6469.4,13066.73
1603756800000,6490.99,13647.9
1603843200000,6504.61,13274.73
1603929600000,6520.33,13468.44
1604016000000,6530.22,13562.13
1604102400000,6541.92,13816.08
1604188800000,6554.49,13762
1604275200000,6572.06,13563.72
1604361600000,6674,14041.58
1604448000000,6694.93,14160.59
1604534400000,6756.69,15605.04
1604620800000,6787.49,15598.09
1604707200000,6791.35,14838.97
1604793600000,6823.21,15489.15
1604880000000,6841.34,15332.04
1604966400000,6855.73,15313.65
1605052800000,6875.58,15707.89
1605139200000,6905.07,16300
1605225600000,6927.76,16335.58
1605312000000,6940,16086.34
1605398400000,6947.31,15975.49
1605484800000,6969.84,16724.62
1605571200000,7017,17680.63
1605657600000,7085.3,17785.95
1605744000000,7107.55,17825.47
1605830400000,7182.63,18687.65
1605916800000,7216.43,18725
1606003200000,7230.67,18435.2
1606089600000,7253.76,18383.35
1606176000000,7309.28,19160.85
1606262400000,7330.32,18732.43
1606348800000,7349.66,17160.09
1606435200000,7368.36,17154.39
1606521600000,7379.46,17741.79
1606608000000,7393.12,18192.03
1606694400000,7451.68,19700.19
1606780800000,7482.4,18771.43
1606867200000,7524.21,19226.55
1606953600000,7554.94,19448.4
1607040000000,7570.93,18673.76
1607126400000,7582.11,19162.16
1607212800000,7593.33,19380.58
1607299200000,7613.37,19173.5
1607385600000,7625.01,18316.43
1607472000000,7644.63,18556.64
1607558400000,7672.44,18250.3
1607644800000,7686.38,18040.02
1607731200000,7710.6,18815.63
1607817600000,7769.61,19162.36
1607904000000,7790.72,19274.33
1607990400000,7817.09,19434.87
1608076800000,7895.97,21365.7
1608163200000,8022.01,22814.24
1608249600000,8161.25,23136.14
1608336000000,8204.47,23842.99
1608422400000,8249.47,23470.85
1608508800000,8282.65,22732.01
1608595200000,8385.62,23835.1
1608681600000,8461.78,23247.71
1608768000000,8544.52,23726.28
1608854400000,8569.6,24705.15
1608940800000,8627.06,26466.28
1609027200000,8704.53,26259.6
1609113600000,8906.69,27037.91
1609200000000,9050.56,27370
1609286400000,9154.99,28881.3
1609372800000,9236.7,28992.79
1609459200000,9335.59,29402.64
1609545600000,9505.86,32216.53
1609632000000,9665.75,33097.83
1609718400000,9817.48,32005.88
1609804800000,9979.31,34039.05
1609891200000,10177.76,36849.94
1609977600000,10485.41,39510.49
1610064000000,10765.74,40667.07
1610150400000,10943.65,40239.06
1610236800000,11025.22,38173.73
1610323200000,11105.04,35455.58
1610409600000,11153.78,34035.02
1610496000000,11244.26,37393.49
1610582400000,11358.74,39134.35
1610668800000,11418.02,36756.57
1610755200000,11451.67,36000
1610841600000,11482.35,35819.25
1610928000000,11550.62,36616.95
1611014400000,11587.23,35917.62
1611100800000,11618.82,35496.91
1611187200000,11604.66,30818.18
1611273600000,11628.72,32992.06
1611360000000,11642.93,32117.49
1611446400000,11653.55,32288.83
1611532800000,11668.91,32261.22
1611619200000,11686.77,32504.53
1611705600000,11744.24,30424.62
1611792000000,11812.3,33484.87
1611878400000,11897.79,34249.64
1611964800000,11932.74,34323
1612051200000,11967.06,33141.38
1612137600000,11991.48,33532.74
1612224000000,12054.87,35522.16
1612310400000,12115.3,37691.63
1612396800000,12183.73,36996.32
1612483200000,12296.92,38320
1612569600000,12355.15,39282.1
1612656000000,12415.33,38858.39
1612742400000,12608.92,46416.45
1612828800000,12862.77,46505.2
1612915200000,12993.2,44854.63
1613001600000,13134.6,47981.48
1613088000000,13247.01,47395.84
1613174400000,13304.09,47228.48
1613260800000,13355.47,48662.5
1613347200000,13502.37,47942.57
1613433600000,13597.94,49166.53
1613520000000,13759.43,52174.28
1613606400000,13917.38,51579.54
1613692800000,14214.84,55988.58
1613779200000,14401.57,55936.04
1613865600000,14525.33,57492.91
1613952000000,14630.08,54173.65
1614038400000,14767.61,48887.93
1614124800000,14891.05,49754
1614211200000,14947.91,47088.58
1614297600000,15078.27,46314.83
1614384000000,15052.14,46109.98
1614470400000,15074.48,45240.96
1614556800000,15164.19,49629.33
1614643200000,15237.04,48516.35
1614729600000,15295.11,50379.68
1614816000000,15327.2,48360.5
1614902400000,15386.8,48739.21
1614988800000,15416.6,48904.63
1615075200000,15452.15,50967.3
1615161600000,15550.38,52427.8
1615248000000,15646.87,54929.02
1615334400000,15745.17,55852.29
1615420800000,15925.47,57772.09
1615507200000,16054.07,57271.04
1615593600000,16168.63,61165.19
1615680000000,16246.26,59016.39
1615766400000,16286.85,55644.37
1615852800000,16410.54,56908.34
1615939200000,16511.88,58901.8
1616025600000,16555.22,57648.05
1616112000000,16600.8,58072
1616198400000,16652.41,58138.39
1616284800000,16696.07,57381.79
1616371200000,16744.15,54070.92
1616457600000,16847.83,54361.57
1616544000000,16897.76,52287.52
1616630400000,16965.45,51326.11
1616716800000,17046.06,55081.37
1616803200000,17129.16,55839.42
1616889600000,17164.31,55790.92
1616976000000,17240.86,57600.1
1617062400000,17326.42,58760.59
1617148800000,17411.22,58782.58
1617235200000,17520.11,58728.53
1617321600000,17592.17,59003.6
1617408000000,17604.89,57064.42
1617494400000,17639.22,58212.18
1617580800000,17693.84,59125
1617667200000,17980.87,58018.3
1617753600000,18012.99,55932.83
1617840000000,18072.36,58096.6
1617926400000,18113.76,58109.56
1618012800000,18171.01,59766.93
1618099200000,18241.08,59979.26
1618185600000,18324.8,59831.66
1618272000000,18467.95,63564.48
1618358400000,18618.71,62986.09
1618444800000,18736.32,63239.19
1618531200000,18785.32,61436.24
1618617600000,18827.24,60032.29
1618704000000,19043.97,56280.6
1618790400000,19049.34,55694.55
1618876800000,19101.96,56503.19
1618963200000,19102.71,53806.24
1619049600000,19135.39,51683.95
1619136000000,19155.65,51176.65
1619222400000,19187.03,50118.94
1619308800000,19188.21,49128.43
1619395200000,19263.35,54073.41
1619481600000,19352.65,55091.39
1619568000000,19389.12,54901.97
1619654400000,19455.35,53593.97
1619740800000,19563.37,57775.27
1619827200000,19595.9,57851.91
1619913600000,19623,56622.66
1620000000000,19673.47,57222.37
1620086400000,19691.06,53236.84
1620172800000,19762.4,57509.93
1620259200000,19824.88,56447.39
1620345600000,19964.94,57381.73
1620432000000,20015.91,58984.75
1620518400000,20061.7,58305.24
1620604800000,20089.7,55880.72
1620691200000,20123.25,56763.7
1620777600000,20133.31,49386.56
1620864000000,20147.81,49694.96
1620950400000,20151.56,49880.43
1621036800000,20141.54,46708.89
1621123200000,20143.01,46444.75
1621209600000,20087.03,43593.39
1621296000000,20064.7,42877.75
1621382400000,19899.8,36780.43
1621468800000,19856.05,40640.9
1621555200000,19813.85,37335.16
1621641600000,19770.97,37500.54
1621728000000,19747.77,34706.79
1621814400000,19804.6,38839.86
1621900800000,19775.73,38397.72
1621987200000,19788.48,39309.56
1622073600000,19767.25,38503.47
1622160000000,19728.64,35692.46
1622246400000,19705.24,34632.08
1622332800000,19723.79,35677.72
1622419200000,19728.36,37341.41
1622505600000,19745.34,36693.3
1622592000000,19744.2,37589.36
1622678400000,19768.65,39219.88
1622764800000,19739.05,36887.32
1622851200000,19722.9,35532.14
1622937600000,19713.95,35808.85
1623024000000,19674.46,33582.62
1623110400000,19623.09,33411.69
1623196800000,19669.06,37400
1623283200000,19662.1,36707.54
1623369600000,19675.11,37341.11
1623456000000,19661.33,35542.76
1623542400000,19680.37,39013.76
1623628800000,19719.47,40532.79
1623715200000,19735.03,40171.47
1623801600000,19729.78,38353.99
1623888000000,19708.85,38097.68
1623974400000,19690.59,35840
1624060800000,19682.2,35507.06
1624147200000,19680.52,35589.77
1624233600000,19618.36,31634.16
1624320000000,19602.91,32545.26
1624406400000,19599.63,33652.28
1624492800000,19604.52,34649.32
1624579200000,19414.48,31597.75
1624665600000,19400.38,32269.38
1624752000000,19418.92,34699.5
1624838400000,19416.6,34487.11
1624924800000,19421.5,35907.93
1625011200000,19410.36,35037.23
1625097600000,19386.95,33564.21
1625184000000,19338.42,33811.56
1625270400000,19342.23,34688.3
1625356800000,19347.27,35289.21
1625443200000,19339.88,33704.21
1625529600000,19339.18,34244.09
1625616000000,19336.64,33882.47
1625702400000,19317.78,32898.79
1625788800000,19323.38,33826.43
1625875200000,19321.17,33517.6
1625961600000,19324.65,34258.53
1626048000000,19329.49,33105
1626134400000,19318.47,32728
1626220800000,19305.81,32823.55
1626307200000,19282.04,31848.65
1626393600000,19262.03,31388.17
1626480000000,19339.68,31529.68
1626566400000,19332.92,31776.65
1626652800000,19321.53,30829.29
1626739200000,19311.56,29786.58
1626825600000,19320.27,32138.45
1626912000000,19330.64,32300.88
1626998400000,19296.33,33684.17
1627084800000,19301.45,34301.78
1627171200000,19307.68,35428.28
1627257600000,19387.88,37291.24
1627344000000,19545.32,39475.41
1627430400000,19637.47,40036.32
1627516800000,19867.96,40037.51
1627603200000,19909.92,42234.89
1627689600000,19918.81,41490.13
1627776000000,19914.7,39839
1627862400000,19918.49,39165.55
1627948800000,19908.55,38177.07
1628035200000,19925.86,39741.12
1628121600000,19945.14,40894.67
1628208000000,19984.64,42856.59
1628294400000,20010.57,44612.94
1628380800000,20022.17,43858.42
1628467200000,20080.82,46292.89
1628553600000,20112.55,45609.7
1628640000000,20133.36,45539.85
1628726400000,20148.04,44444.45
1628812800000,20194.44,47860.58
1628899200000,20240.7,47119.73
1628985600000,20252.42,47028.3
1629072000000,20269.32,45930.51
1629158400000,20276.95,44694.35
1629244800000,20300.65,44721.13
1629331200000,20337.18,46764.3
1629417600000,20388.99,49356
1629504000000,20413.05,48884.34
1629590400000,20435.37,49301.86
1629676800000,20487.05,49561.37
1629763200000,20492.16,47731.33
1629849600000,20592.04,49011.75
1629936000000,20612.9,46856.29
1630022400000,20643.81,49100.49
1630108800000,20659.65,48935.36
1630195200000,20669.76,48808.72
1630281600000,20679.86,47003.44
1630368000000,20702.53,47156.09
1630454400000,20744.11,48853.49
1630540800000,20779.85,49274.79
1630627200000,20811.88,50025.04
1630713600000,20832.58,49943.16
1630800000000,20854.22,51809.28
1630886400000,20891.17,52708.2
1630972800000,20859.85,46866.82
1631059200000,20860.85,46091.94
1631145600000,20897.78,46392.81
1631232000000,20891.74,44857.38
1631318400000,20895.55,45176.66
1631404800000,20906.83,46035
1631491200000,20902.77,44974.34
1631577600000,20940.19,47103.18
1631664000000,20987.8,48150.94
1631750400000,21014.58,47760.64
1631836800000,21025.88,47305.18
1631923200000,21042.74,48326.74
1632009600000,21048.64,47245.25
1632096000000,21002.82,43035.99
1632182400000,20959.86,40596.54
1632268800000,20987.45,43589.53
1632355200000,21005.08,44903.5
1632441600000,20989.43,42848.5
1632528000000,20989.31,42722.19
1632614400000,21134.34,43204.73
1632700800000,21129.78,42189.81
1632787200000,21112.74,41049
1632873600000,21117.21,41542.9
1632960000000,21148.9,43834.43
1633046400000,21220.21,48171.86
1633132800000,21249.32,47685.8
1633219200000,21264.94,48235.93
1633305600000,21305.54,49242.14
1633392000000,21371.73,51501.19
1633478400000,21528.28,55345.79
1633564800000,21600.29,53787.6
1633651200000,21636.25,53957.21
1633737600000,21667.23,54976.92
1633824000000,21700.02,54714.95
1633910400000,21766.79,57485.2
1633996800000,21821.01,55995.49
1634083200000,21882.2,57374.55
1634169600000,21944.14,57371.58
1634256000000,22071.6,61657.35
1634342400000,22114.46,60870.26
1634428800000,22146.49,61538.97
1634515200000,22231.19,62034.65
1634601600000,22410.85,64241.61
1634688000000,22557.24,65990.31
1634774400000,22622.89,62219.44
1634860800000,22635.99,60702.68
1634947200000,22660.14,61338.76
1635033600000,22713.64,60910.16
1635120000000,22814.16,63101.43
1635206400000,22841.7,60328.22
1635292800000,22838.3,58465.9
1635379200000,22897.37,60592.76
1635465600000,22966.82,62301.59
1635552000000,22990.28,61932.3
1635638400000,23036.85,61359.44
1635724800000,23142.16,60922.85
1635811200000,23286.74,63260
1635897600000,23378.87,62930.72
1635984000000,23391.83,61457.25
1636070400000,23446.58,61031.91
1636156800000,23477.6,61542.44
1636243200000,23504.42,63300
1636329600000,23655.75,67559
1636416000000,23740.63,66945.72
1636502400000,23796.46,64921.43
1636588800000,23851.18,64821.33
1636675200000,24177.24,64158.41
1636761600000,24199.35,64417.52
1636848000000,24223.22,65509.87
1636934400000,24268.67,63606.09
1637020800000,24307.01,60142.31
1637107200000,24347.72,60373.65
1637193600000,24297.17,56917.66
1637280000000,24313.75,58128.55
1637366400000,24338.87,59768.54
1637452800000,24342.88,58678.47
1637539200000,24311.37,56294.11
1637625600000,24332.07,57579.99
1637712000000,24347.59,57185.06
1637798400000,24535.93,58990.14
1637884800000,24471.14,53789.35
1637971200000,24470.61,54774.66
1638057600000,24499.65,57338.55
1638144000000,24544.89,57845.12
1638230400000,24557.92,56974.12
1638316800000,24599.85,57251.59
1638403200000,24597.38,56547.96
1638489600000,24563.99,53743.69
1638576000000,24466.69,49234.97
1638662400000,24458.59,49463.22
1638748800000,24440.13,50555
1638835200000,24498.83,50627.32
1638921600000,24494.56,50543.3
1639008000000,24444.66,47593.12
1639094400000,24423.49,47142.42
1639180800000,24447.9,49400.54
1639267200000,24454.01,50124.38
1639353600000,24421.71,46725.02
1639440000000,24452.58,48389.96
1639526400000,24462.66,48876.84
1639612800000,24456.34,47663.42
1639699200000,24427.36,46210.92
1639785600000,24431.35,46881.87
1639872000000,24432.14,46704.67
1639958400000,24422.85,46915
1640044800000,24446.13,48929.86
1640131200000,24450.71,48618.99
1640217600000,24495.77,50850
1640304000000,24511.29,50841.48
1640390400000,24505.89,50442.22
1640476800000,24516.32,50791.21
1640563200000,24525.68,50718.11
1640649600000,24495.46,47543.3
1640736000000,24472.27,46483.36
1640822400000,24480.9,47150.71
1640908800000,24476.47,46214.37
1640995200000,24486.18,47777.42
1641081600000,24485.6,47350.22
1641168000000,24475.81,46439.89
1641254400000,24452.07,45820
1641340800000,24420.34,43435.8
1641427200000,24394.73,43097.6
1641513600000,24347.12,41535.66
1641600000000,24337.75,41690.77
1641686400000,24334.02,41875.81
1641772800000,24325.47,41845.42
1641859200000,24321.44,42736
1641945600000,24341.02,43933.5
1642032000000,24324.03,42571.94
1642118400000,24322.85,43102.35
1642204800000,24324.76,43102.01
1642291200000,24327.38,43107.7
1642377600000,24306.45,42255.07
1642464000000,24298.82,42377.4
1642550400000,24261.38,41683.21
1642636800000,24231.59,40736.05
1642723200000,24088.49,36495.46
1642809600000,24042.22,35091.11
1642896000000,24042.32,36293.62
1642982400000,24015.02,36724.99
1643068800000,24010.7,36975.91
1643155200000,23993.53,36829.32
1643241600000,23981.17,37208.36
1643328000000,23953.14,37748.36
1643414400000,23916.97,38192.65
1643500800000,23894.45,37941.82
1643587200000,23893.47,38491.92
1643673600000,24021.86,38733.04
1643760000000,23999.07,36923.5
1643846400000,23991.03,37320.11
1643932800000,24042.99,41579.57
1644019200000,24047.87,41427.72
1644105600000,24057.12,42420.24
1644192000000,24094.09,43869.04
1644278400000,24114.47,44091.56
1644364800000,24130.26,44426.84
1644451200000,24138.28,43524.6
1644537600000,24144.93,42406.19
1644624000000,24154.35,42241.11
1644710400000,24155.39,42077.74
1644796800000,24156.59,42540.3
1644883200000,24193.51,44582.48
1644969600000,24197.34,43901.48
1645056000000,24158.79,40556.11
1645142400000,24143.07,39996.99
1645228800000,24142.01,40109.02
1645315200000,24125.31,38373.9
1645401600000,24096.44,37076.6
1645488000000,24096.79,38269.94
1645574400000,24089.29,37274.18
1645660800000,24093.11,38376.88
1645747200000,24089.85,39231.64
1645833600000,24083.44,39146.66
1645920000000,24068.68,37712.68
1646006400000,24172.14,43178.98
1646092800000,24207.59,44443.96
1646179200000,24217.19,43936.72
1646265600000,24227.77,42476.26
1646352000000,24178.07,39175.56
1646438400000,24177.89,39416.79
1646524800000,24172.48,38438.89
1646611200000,24156.28,38016.47
1646697600000,24161.48,38753.65
1646784000000,24190.62,41960.02
1646870400000,24163.25,39444.45
1646956800000,24181.84,38729.79
1647043200000,24182.26,38822.02
1647129600000,24176.89,37790.54
1647216000000,24189.73,39665.71
1647302400000,24181.47,39302.7
1647388800000,24214.06,41142.76
1647475200000,24194.28,40963.22
1647561600000,24207.94,41794.37
1647648000000,24218.99,42235.31
1647734400000,24216.33,41242.14
1647820800000,24219.06,41043.14
1647907200000,24243.29,42393.41
1647993600000,24261.96,42925.41
1648080000000,24287.49,44025.99
1648166400000,24406.76,44320.6
1648252800000,24413.92,44535.65
1648339200000,24452.11,46864.39
1648425600000,24514.44,47152.38
1648512000000,24565.85,47459.03
1648598400000,24582.06,47068.08
1648684800000,24569.39,45517.27
1648771200000,24597.26,46307.81
1648857600000,24594.26,45820.28
1648944000000,24608.12,46401.57
1649030400000,24626.42,46598.2
1649116800000,24623.12,45502.73
1649203200000,24587.3,43191.59
1649289600000,24583.53,43454.53
1649376000000,24564,42290.11
1649462400000,24567.14,42767.89
1649548800000,24560.11,42133.85
1649635200000,24519.76,39524.86
1649721600000,24549.58,40097.46
1649808000000,24559.55,41147.74
1649894400000,24574.11,39961.53
1649980800000,24579.31,40563.18
1650067200000,24576.27,40395.67
1650153600000,24572.62,39691.27
1650240000000,24577.28,40814.6
1650326400000,24587.96,41505.77
1650412800000,24588.76,41375.85
1650499200000,24629.74,40470.76
1650585600000,24606.4,39726.03
1650672000000,24603.39,39421.59
1650758400000,24602.18,39467.4
1650844800000,24602.16,40441.11
1650931200000,24562.06,38137.67
1651017600000,24565.3,39256.05
1651104000000,24566.92,39754.2
1651190400000,24544.27,38593.42
1651276800000,24530.92,37639.8
1651363200000,24532.77,38488.34
1651449600000,24496.88,38521.01
1651536000000,24464.1,37729.95
1651622400000,24486.62,39685.23
1651708800000,24439.75,36533.93
1651795200000,24413.47,36019.22
1651881600000,24401.64,35463.46
1651968000000,24373.64,34025.5
1652054400000,24212.35,30082
1652140800000,24162.7,30999.97
1652227200000,24016.04,29000
1652313600000,23952.01,28896.19
1652400000000,23905.54,29238.81
1652486400000,23946.02,30033.96
1652572800000,23953.8,31295.03
1652659200000,23925.01,29832.45
1652745600000,23908.61,30425.36
1652832000000,23868.59,28681.26
1652918400000,23849.1,30290.33
1653004800000,23811.72,29176.7
1653091200000,23806.81,29421.05
1653177600000,23810.41,30264.66
1653264000000,23776.98,29081.76
1653350400000,23773.02,29632.15
1653436800000,23761.13,29510.15
1653523200000,23736.91,29183.06
1653609600000,23696.94,28589.48
1653696000000,23696.87,29010.82
1653782400000,23700.08,29448.94
1653868800000,23716.96,31731.22
1653955200000,23734.73,31762.76
1654041600000,23695.47,29787.4
1654128000000,23644.28,30437.18
1654214400000,23619.83,29669.39
1654300800000,23597.87,29853.51
1654387200000,23591.98,29888.98
1654473600000,23585.58,31351.21
1654560000000,23557.29,31115.82
1654646400000,23541.89,30185.58
1654732800000,23510.15,30089.03
1654819200000,23487.91,29065.66
1654905600000,23462.48,28390.94
1654992000000,23427.32,26585.1
1655078400000,23184.6,22450.43
1655164800000,23015.97,22097.3
1655251200000,22916.24,22555.27
1655337600000,22813.26,20382.88
1655424000000,22740.98,20440.7
1655510400000,22630.31,18956.8
1655596800000,22630.21,20552.82
1655683200000,22609.24,20555.44
1655769600000,22571.39,20712.29
1655856000000,22524.61,19963.68
1655942400000,22519.76,21093.42
1656028800000,22497.02,21215.42
1656115200000,22503.6,21486.8
1656201600000,22497.57,21028.69
1656288000000,22466.62,20699.72
1656374400000,22443.72,20261.34
1656460800000,22419.69,20093.18
1656547200000,22351.42,19924.89
1656633600000,22309.4,19239.47
1656720000000,22296.17,19228.25
1656806400000,22281.28,19294.46
1656892800000,22282.14,20209.53
1656979200000,22271.21,20168.63
1657065600000,22231.94,20547.45
1657152000000,22231.14,21643.56
1657238400000,22218.79,21584.14
1657324800000,22186.46,21588.35
1657411200000,22179.15,20856.08
1657497600000,22103.46,19949.71
1657584000000,22083.5,19321.14
1657670400000,22082.79,20232.35
1657756800000,22064.19,20577.23
1657843200000,21982.14,20835.39
1657929600000,21982.83,21195.49
1658016000000,21978.32,20801.85
1658102400000,21985.51,22435.04
1658188800000,21960.16,23405.02
1658275200000,21966.38,23208.53
1658361600000,21928.72,23163.34
1658448000000,21885.86,22682.26
1658534400000,21871.97,22468.69
1658620800000,21866.97,22595.81
1658707200000,21835.98,21306.56
1658793600000,21820.09,21259.78
1658880000000,21833.16,22969.04
1658966400000,21844.9,23853.11
1659052800000,21842.01,23785.31
1659139200000,21842.21,23644.58
1659225600000,21835.2,23322.53
1659312000000,21835.87,23282.92
1659398400000,21827.09,23001.52
1659484800000,21821.59,22835.88
1659571200000,21802.59,22615.24
1659657600000,21805.53,23326.4
1659744000000,21803.82,22956.61
1659830400000,21804.27,23187.62
1659916800000,21808.03,23821.68
1660003200000,21778.66,23164.78
1660089600000,21795.1,23964
1660176000000,21790.56,23959
1660262400000,21798.05,24407
1660348800000,21797.7,24456
1660435200000,21795.23,24320
1660521600000,21788.13,24110
1660608000000,21785.55,23867
1660694400000,21771.74,23340
1660780800000,21768.83,23201
1660867200000,21720.75,20841
1660953600000,21716.35,21146
1661040000000,21715.31,21514
1661126400000,21703.54,21411
1661212800000,21695.84,21520
1661299200000,21686.89,21372
1661385600000,21678.12,21571
1661472000000,21660.07,20250
1661558400000,21645.08,20045
1661644800000,21642.02,19557
1661731200000,21644.02,20302
1661817600000,21615.38,19819
1661904000000,21606.83,20059
1661990400000,21593.63,20128
1662076800000,21575.75,19959
1662163200000,21572.25,19840
1662249600000,21575.02,20007
1662336000000,21567.74,19794
1662422400000,21535.68,18789
1662508800000,21526.37,19276
1662595200000,21514.75,19322
1662681600000,21529.59,21371
1662768000000,21530.96,21672
1662854400000,21528.12,21835
1662940800000,21531.23,22401
1663027200000,21460.85,20177
1663113600000,21438.5,20233
1663200000000,21408.49,19691
1663286400000,21402.41,19802
1663372800000,21399.34,20114
1663459200000,21391.14,19419
1663545600000,21376.3,19538
1663632000000,21358.58,18878
1663718400000,21341.47,18466
1663804800000,21340.4,19403
1663891200000,21334.47,19294
1663977600000,21330.35,18921
1664064000000,21324.43,18810
1664150400000,21321.39,19226
1664236800000,21304.71,19075
1664323200000,21290.67,19413
1664409600000,21283.86,19592
1664496000000,21268.43,19425
1664582400000,21264.6,19312
1664668800000,21259.75,19051
1664755200000,21258.3,19636
1664841600000,21257.68,20343
1664928000000,21251.08,20162
1665014400000,21243.89,19951
1665100800000,21236.52,19532
1665187200000,21223.28,19420
1665273600000,21221.27,19445
1665360000000,21211.32,19131
1665446400000,21203.54,19059
1665532800000,21181.15,19157
1665619200000,21176.3,19377
1665705600000,21169.1,19181
1665792000000,21165.85,19066
1665878400000,21163.11,19264
1665964800000,21144.75,19547
1666051200000,21155.78,19334
1666137600000,21143.81,19126
1666224000000,21136.78,19043
1666310400000,21131.79,19165
1666396800000,21118.16,19206
1666483200000,21117.32,19574
1666569600000,21113.21,19332
1666656000000,21120.3,20087
1666742400000,21131.37,20775
1666828800000,21128.57,20296
1666915200000,21127.41,20599
1667001600000,21128.22,20821
1667088000000,21122.95,20628
1667174400000,21117.86,20498
1667260800000,21111.67,20480
1667347200000,21104.3,20154
1667433600000,21101.21,20209
1667520000000,21131.62,21153
1667606400000,21132.24,21301
1667692800000,21122.13,20907
1667779200000,21066.27,20590
1667865600000,21023.63,18550
1667952000000,20900.81,15877
1668038400000,20879.26,17551
1668124800000,20844.57,17007
1668211200000,20794.27,16788
1668297600000,20779.37,16310
1668384000000,20747.25,16589
1668470400000,20710.55,16874
1668556800000,20663.23,16654
1668643200000,20576.39,16686
1668729600000,20352.3,16683
1668816000000,20341.25,16690
1668902400000,20325.36,16256
1668988800000,20287.16,15766
1669075200000,20261.94,16197
1669161600000,20273.54,16603
1669248000000,20260.98,16591
1669334400000,20248.09,16508
1669420800000,20234.92,16454
1669507200000,20229.58,16424
1669593600000,20202.64,16210
1669680000000,20193.62,16434
1669766400000,20184.88,17170
1669852800000,20175.09,16977
1669939200000,20162.48,17095
1670025600000,20156.68,16886
1670112000000,20146.48,17114
1670198400000,20087.23,16968
1670284800000,20069.81,17087
1670371200000,20065.02,16836
1670457600000,20056.95,17229
1670544000000,20038.44,17128
1670630400000,20037.72,17128
1670716800000,20031.22,17091
1670803200000,20027.58,17209
1670889600000,20019.13,17772
1670976000000,20001.69,17803
1671062400000,19994.17,17362
1671148800000,19980.53,16633
1671235200000,19974.26,16781
1671321600000,19970.65,16749
1671408000000,19939.55,16446
1671494400000,19936.21,16898
1671580800000,19921.1,16824
1671667200000,19913.22,16821
1671753600000,19904.62,16779
1671840000000,19900.69,16839
1671926400000,19890.08,16828
1672012800000,19887.78,16917
1672099200000,19877.08,16700
1672185600000,19848.09,16540
1672272000000,19829.04,16628
1672358400000,19821.85,16603
1672444800000,19779.4,16528
1672531200000,19776.36,16615
1672617600000,19774.19,16673
1672704000000,19765.31,16670
1672790400000,19754.38,16849
1672876800000,19747.22,16826
1672963200000,19736.75,16950
1673049600000,19731.49,16945
1673136000000,19730.15,17119
1673222400000,19727.6,17179
1673308800000,19718.46,17446
1673395200000,19704.99,17930
1673481600000,19715.13,18853
1673568000000,19732.19,19931
1673654400000,19744.59,20960
1673740800000,19747.54,20885
1673827200000,19756.21,21189
1673913600000,19764.72,21134
1674000000000,19760.29,20670
1674086400000,19757.41,21086
1674172800000,19778.14,22678
1674259200000,19786.83,22783
1674345600000,19793.5,22717
1674432000000,19796.94,22922
1674518400000,19800.62,22637
1674604800000,19810.34,23054
1674691200000,19799.47,23010
1674777600000,19787.26,23083
1674864000000,19790.2,23033
1674950400000,19797.25,23746
1675036800000,19797.64,22831
1675123200000,19805.4,23127
1675209600000,19831.79,23735
1675296000000,19836.23,23498
1675382400000,19842.4,23434
1675468800000,19849.46,23330
1675555200000,19848.99,22937
1675641600000,19849.88,22763
1675728000000,19854.4,23252
1675814400000,19856.34,22961
1675900800000,19848.65,21802
1675987200000,19842.52,21639
1676073600000,19842.06,21868
1676160000000,19840.32,21789
1676246400000,19837.82,21790
1676332800000,19839.67,22211
1676419200000,19859.43,24332
1676505600000,19862.83,23521
1676592000000,19875.52,24580
1676678400000,19879.43,24640
1676764800000,19881.57,24296
1676851200000,19887.8,24843
1676937600000,19889.87,24450
1677024000000,19885.89,24188
1677110400000,19889.5,23939
1677196800000,19882.64,23189
1677283200000,19879.96,23161
1677369600000,19882.52,23562
1677456000000,19885.81,23493
1677542400000,19864.5,23136
1677628800000,19856.18,23634
1677715200000,19853.77,23466
1677801600000,19845.45,22359
1677888000000,19844.77,22347
1677974400000,19832.82,22428
1678060800000,19828.53,22407
1678147200000,19760.34,22200
1678233600000,19752.3,21704
1678320000000,19732.7,20367
1678406400000,19719.61,20220
1678492800000,19717.6,20618
1678579200000,19723.89,22183
1678665600000,19756.46,24209
1678752000000,19780.15,24750
1678838400000,19788.94,24368
1678924800000,19804.25,25050
1679011200000,19863.41,27466
1679097600000,19869.23,26980
1679184000000,19883.25,28054
1679270400000,19900.52,27815
1679356800000,19921.56,28192
1679443200000,19928.1,27320
1679529600000,19960.74,28343
1679616000000,19966.58,27493
1679702400000,19969.38,27499
1679788800000,19978.43,28004
1679875200000,20004.66,27142
1679961600000,20012.24,27272
1680048000000,20029.17,28353
1680134400000,19722.27,28039
1680220800000,19744.28,28476
1680307200000,19752.42,28469
1680393600000,19755.02,28186
1680480000000,19759.82,27816
1680566400000,19767.22,28178
1680652800000,19783.73,28183
1680739200000,19786.48,28051
1680825600000,19782.18,27931
1680912000000,19784.44,27969
1680998400000,19787.21,28340
1681084800000,19807.15,29652
1681171200000,19842.45,30246
1681257600000,19846.55,29903
1681344000000,19864.58,30410
1681430400000,19885.29,30498
1681516800000,19888.88,30332
1681603200000,19893.13,30330
1681689600000,19891.38,29448
1681776000000,19909.93,30395
1681862400000,19917.11,28827
1681948800000,19914.91,28238
1682035200000,19914.59,27254
1682121600000,19917.71,27817
1682208000000,19921.3,27596
1682294400000,19920.73,27512
1682380800000,19926.7,28300
1682467200000,19935.04,28428
1682553600000,19945.25,29485
1682640000000,19954.6,29333
1682726400000,19962.24,29247
1682812800000,19964,29235
1682899200000,19959.47,28079
1682985600000,19966.65,28680
1683072000000,20001.55,29033
1683158400000,20003.19,28851
1683244800000,20011.22,29547
1683331200000,20011.06,28911
1683417600000,20105.4,28472
1683504000000,20111.61,27690
1683590400000,20108.77,27650
1683676800000,20105.99,27618
1683763200000,20101.22,26991
1683849600000,20103.37,26811
1683936000000,20102.76,26789
1684022400000,20105.25,26933
1684108800000,20126.04,27166
1684195200000,20132.95,27037
1684281600000,20136.89,27404
1684368000000,20132.08,26818
1684454400000,20129.38,26893
1684540800000,20131.16,27115
1684627200000,20130.97,26750
1684713600000,20159.09,26856
1684800000000,20163.46,27226
1684886400000,20158.91,26325
1684972800000,20172.81,26478
1685059200000,20174.19,26718
1685145600000,20174.88,26872
1685232000000,20183.09,28072
1685318400000,20187.41,27749
1685404800000,20195.11,27706
1685491200000,20196,27219
1685577600000,20198.05,26826
1685664000000,20203.52,27251
1685750400000,20202.8,27076
1685836800000,20203.02,27125
1685923200000,20193.13,25739
1686009600000,20207.39,27236
1686096000000,20203.51,26348
1686182400000,20204.67,26510
1686268800000,20205.21,26484
1686355200000,20198.72,25857
1686441600000,20197.54,25941
1686528000000,20194.4,25906
1686614400000,20192.55,25934
1686700800000,20188.46,25127
1686787200000,20185.88,25573
1686873600000,20190.74,26333
1686960000000,20190.15,26507
1687046400000,20196.07,26340
1687132800000,20190.72,26842
1687219200000,20199.33,28315
1687305600000,20227.35,30009
1687392000000,20243.38,29889
1687478400000,20266.42,30716
1687564800000,20277.25,30548
1687651200000,20284.22,30477
1687737600000,20295.7,30274
1687824000000,20319.06,30696
1687910400000,20335.74,30079
1687996800000,20337.55,30444
1688083200000,20354.03,30469
1688169600000,20382.87,30592
1688256000000,20388.3,30616
1688342400000,20399.7,31158
1688428800000,20404.58,30771
1688515200000,20408.93,30501
1688601600000,20382.83,29912
1688688000000,20389.54,30348
1688774400000,20392.07,30293
1688860800000,20394.71,30167
1688947200000,20401.64,30421
1689033600000,20413.05,30621
1689120000000,20419.38,30382
1689206400000,20428.41,31471
1689292800000,20428.47,30331
1689379200000,20429.93,30301
1689465600000,20431.7,30253
1689552000000,20427.28,30154
1689638400000,20434.17,29868
1689724800000,20442.62,29919
1689811200000,20445.95,29806
1689897600000,20439.52,29908
1689984000000,20441.89,29789
1690070400000,20445.84,30085
1690156800000,20442.04,29177
1690243200000,20442.24,29224
1690329600000,20443.13,29354
1690416000000,20422.59,29219
1690502400000,20353.46,29317
1690588800000,20354.75,29360
1690675200000,20355.12,29279
1690761600000,20352.37,29231
1690848000000,20356.72,29696
1690934400000,20348.13,29164
1691020800000,20349.28,29176
1691107200000,20350.47,29077
1691193600000,20350.97,29049
1691280000000,20352.58,29042
1691366400000,20353.43,29181
1691452800000,20356.7,29764
1691539200000,20360.46,29565
1691625600000,20360.63,29423
1691712000000,20364.54,29398
1691798400000,20367.94,29415
1691884800000,20370.35,29284
1691971200000,20373.16,29408
1692057600000,20373.99,29172
1692144000000,20371.75,28701
1692230400000,20355.05,26642
1692316800000,20339.35,26051
1692403200000,20337.11,26097
1692489600000,20336.34,26192
1692576000000,20328.04,26125
1692662400000,20321.46,26042
1692748800000,20319.25,26431
1692835200000,20309.59,26168
1692921600000,20302.25,26048
1693008000000,20300.16,26008
1693094400000,20302.32,26090
1693180800000,20298.94,26103
1693267200000,20298.11,27726
1693353600000,20296.97,27300
1693440000000,20286.4,25932
1693526400000,20280.99,25798
1693612800000,20280.13,25870
1693699200000,20278.5,25970
1693785600000,20276.14,25819
1693872000000,20270.5,25783
1693958400000,20266.71,25748
1694044800000,20267.07,26245
1694131200000,20264.2,25908
1694217600000,20262.01,25899
1694304000000,20261.27,25836
1694390400000,20251.8,25155
1694476800000,20250.66,25844
1694563200000,20251.51,26226
1694649600000,20258.43,26529
1694736000000,20261.58,26607
1694822400000,20262.21,26571
1694908800000,20262.98,26535
1694995200000,20269.19,26770
1695081600000,20285.12,27214
1695168000000,20283.97,27128
1695254400000,20280.68,26563
1695340800000,20280.5,26581
1695427200000,20280.67,26583
1695513600000,20279.57,26248
1695600000000,20279.27,26297
1695686400000,20277.85,26208
1695772800000,20276.84,26361
1695859200000,20280.59,27026
1695945600000,20283.17,26911
1696032000000,20285.81,26966
1696118400000,20291.15,27995
1696204800000,20289.57,27507
1696291200000,20293.19,27435
1696377600000,20301.63,27790
1696464000000,20298.53,27417
1696550400000,20307.12,27948
1696636800000,20313.11,27971
1696723200000,20314.49,27933
1696809600000,20320.66,27594
1696896000000,20320.12,27395
1696982400000,20318.41,26874
1697068800000,20314.98,26756
1697155200000,20314.39,26867
1697241600000,20323.84,26855
1697328000000,20325.76,27174
1697414400000,20338.38,28518
1697500800000,20342.42,28408
1697587200000,20348.23,28328
1697673600000,20343.77,28733
1697760000000,20359.85,29688
1697846400000,20365.34,29927
1697932800000,20369.83,30002
1698019200000,20420.93,33074
1698105600000,20478.02,33917
1698192000000,20508.52,34498
1698278400000,20542.5,34165
1698364800000,20556.85,33906
1698451200000,20568.29,34091
1698537600000,20578.7,34538
1698624000000,20596.36,34495
1698710400000,20612.55,34661
1698796800000,20654.59,35440
1698883200000,20671.52,34937
1698969600000,20690.07,34727
1699056000000,20699.53,35086
1699142400000,20705.94,35045
1699228800000,20719.1,35042
1699315200000,20737.8,35414
1699401600000,20755.99,35640
1699488000000,20810.99,36693
1699574400000,20841.48,37319
1699660800000,20850.86,37152
1699747200000,20857.61,37086
1699833600000,20866.57,36485
1699920000000,20868.32,35564
1700006400000,20903.28,37877
1700092800000,20910.85,36165
1700179200000,20923.41,36625
1700265600000,20929.17,36590
1700352000000,20939.27,37426
1700438400000,20961.45,37480
1700524800000,20975.23,35758
1700611200000,21003.82,37424
1700697600000,21012.46,37301
1700784000000,21027.63,37746
1700870400000,21034.98,37809
1700956800000,21042.12,37460
1701043200000,21047.91,37240
1701129600000,21065.07,37839
1701216000000,21081.53,37863
1701302400000,21093.86,37719
1701388800000,21125.81,38707
1701475200000,21141.03,39474
1701561600000,21156.62,39989
1701648000000,21224.98,41985
1701734400000,21284.79,44075
1701820800000,21349.71,43764
1701907200000,21383.35,43291
1701993600000,21417.19,44193
1702080000000,21435.2,43712
1702166400000,21446.79,43786
1702252800000,21459.21,41242
1702339200000,21503.61,41458
1702425600000,21528.38,42888
1702512000000,21548,43031
1702598400000,21575.57,41925
1702684800000,21591.95,42246
1702771200000,21594.53,41345
1702857600000,21631.33,42650
1702944000000,21652.36,42258
1703030400000,21690.21,43665
1703116800000,21712.09,43873
1703203200000,21739.62,44002
1703289600000,21752.85,43733
1703376000000,21776.86,43033
1703462400000,21787.65,43591
1703548800000,21815.89,42510
1703635200000,21887.91,43473
1703721600000,21900.33,42583
1703808000000,21927.37,42072
1703894400000,21940.28,42148
1703980800000,21951.67,42258
1704067200000,21969.38,44187
1704153600000,22010,44970
1704240000000,22029.83,42865
1704326400000,22220.95,44186
1704412800000,22253.44,44184
1704499200000,22263.41,43999
1704585600000,22272.07,43944
1704672000000,22316.16,46995
1704758400000,22356.76,46124
1704844800000,22394.47,46681
1704931200000,22431.45,46360
1705017600000,22412.29,42778
1705104000000,22418.47,42843
1705190400000,22419.06,41715
1705276800000,22429.25,42493
1705363200000,22538.14,43131
1705449600000,22548.73,42738
1705536000000,22588.82,41283
1705622400000,22605.09,41628
1705708800000,22608.21,41673
1705795200000,22610.65,41560
1705881600000,22603.01,39528
1705968000000,22616.63,39868
1706054400000,22661.53,40074
1706140800000,22678.59,39916
1706227200000,22702.46,41818
1706313600000,22712.09,42124
1706400000000,22717.73,42026
1706486400000,22741.55,43305
1706572800000,22789.7,42946
1706659200000,22823.76,42558
1706745600000,22836.82,43071
1706832000000,22850.28,43183
1706918400000,22853.66,42994
1707004800000,22858.39,42570
1707091200000,22871.16,42659
1707177600000,22903.36,43092
1707264000000,22928.49,44346
1707350400000,22959.3,45300
1707436800000,23001.22,47161
1707523200000,23022.17,47770
1707609600000,23042.98,48313
1707696000000,23104.03,49937
1707782400000,23140.3,49720
1707868800000,23267.39,51844
1707955200000,23313.57,51942
1708041600000,23352.45,52161
1708128000000,23368.8,51664
1708214400000,23390.69,52130
1708300800000,23463.29,51789
1708387200000,23492.21,52275
1708473600000,23527.32,51843
1708560000000,23567.75,51253
1708646400000,23609.26,50743
1708732800000,23627,51562
1708819200000,23640.72,51722
1708905600000,23711.58,54524
1708992000000,23835.52,57068
1709078400000,24215.12,62512
1709164800000,24324.85,61161
1709251200000,24494.87,62444
1709337600000,24517.96,62042
1709424000000,24556.47,63142
1709510400000,24749.99,68359
1709596800000,24920.26,63796
1709683200000,25303.64,66120
1709769600000,25489.61,66941
1709856000000,25654.4,68285
1709942400000,25707.08,68463
1710028800000,25764.98,69026
1710115200000,26002.93,72118
1710201600000,26135.01,71473
1710288000000,26604.78,73121
1710374400000,26710.85,71371
1710460800000,26770.93,69516
1710547200000,26777.32,65248
1710633600000,26861.88,68352
1710720000000,26902.74,67613
1710806400000,26863.66,61897
1710892800000,26949.67,67872
1710979200000,26988.91,65485
1711065600000,27049.06,63807
1711152000000,27325.45,64001
1711238400000,27360.88,67188
1711324800000,27656.41,69898
1711411200000,27691.08,69997
1711497600000,27732.84,69421
1711584000000,27853.64,70803
1711670400000,27885.43,69903
1711756800000,27904.75,69613
1711843200000,27932.52,71285
1711929600000,28091.83,69699
1712016000000,28167.82,65469
1712102400000,28208.42,65988
1712188800000,28247.62,68538
1712275200000,28264.85,67857
1712361600000,28301.02,68917
1712448000000,28319.68,69358
1712534400000,28383.17,71613
1712620800000,28406.56,69135
1712707200000,28444.03,70630
1712793600000,28467.55,70015
1712880000000,28478.45,67150
1712966400000,28468.76,64054
1713052800000,28489.54,65749
1713139200000,28490.53,63438
1713225600000,28526.28,63830
1713312000000,28515.71,61278
1713398400000,28558.02,63515
1713484800000,28595.49,63821
1713571200000,28604.51,64990
1713657600000,28614.22,64950
1713744000000,28648.79,66855
1713830400000,28666.45,66421
1713916800000,28790.04,64259
1714003200000,28805.04,64493
1714089600000,28807.81,63745
1714176000000,28823.38,63429
1714262400000,28849.12,63098
1714348800000,28872.99,63832
1714435200000,28877.06,60632
1714521600000,28847.88,58256
1714608000000,28845.93,59099
1714694400000,28877.43,62915
1714780800000,28891.46,63899
1714867200000,28898.17,64021
1714953600000,28917.28,63164
1715040000000,28919.37,62320
1715126400000,28935.82,61181
1715212800000,28957.81,63075
1715299200000,28952.31,60793
1715385600000,28962.19,60816
1715472000000,28975.63,61462
1715558400000,28999.43,62934
1715644800000,29011.85,61543
1715731200000,29120.79,66242
1715817600000,29148.58,65252
1715904000000,29189.92,67053
1715990400000,29201.1,66930
1716076800000,29214.03,66275
1716163200000,29288.76,71401
1716249600000,29348.4,70136
1716336000000,29383.63,69118
1716422400000,29414.42,67945
1716508800000,29443.07,68548
1716595200000,29456.66,69275
1716681600000,29475.21,68489
1716768000000,29515.13,69392
1716854400000,30023.53,68327
1716940800000,30037.71,67564
1717027200000,30056.76,68338
1717113600000,30070.96,67477
1717200000000,30081.82,67723
1717286400000,30094.33,67752
1717372800000,30148.47,68801
1717459200000,30199.02,70564
1717545600000,30246.5,71119
1717632000000,30328.43,70775
1717718400000,30358.14,69326
1717804800000,30372.73,69306
1717891200000,30385.42,69640
1717977600000,30405.61,69501
1718064000000,30469.24,67306
1718150400000,30497.2,68243
1718236800000,30502.93,66733
1718323200000,30511.44,65996
1718409600000,30526.24,66182
1718496000000,30533.8,66622
1718582400000,30550.13,66475
1718668800000,30550.07,65145
1718755200000,30564.35,64946
1718841600000,30568.49,64845
1718928000000,30589.63,64102
1719014400000,30678.17,64233
1719100800000,30677.6,63154
1719187200000,30650.38,60252
1719273600000,30656.93,61789
1719360000000,30652.92,60807
1719446400000,30714.41,61622
1719532800000,30712.43,60315
1719619200000,30717.55,60879
1719705600000,30728.97,62676
1719792000000,30751.95,62829
1719878400000,30749.23,62033
1719964800000,30774.32,60142
1720051200000,30769.71,57045
1720137600000,30783.37,56632
1720224000000,30791,58251
1720310400000,30787.89,55829
1720396800000,30766.49,56710
1720483200000,30789.78,58033
1720569600000,30802.05,57733
1720656000000,30799.74,57348
1720742400000,30809.86,57889
1720828800000,30822.78,59226
1720915200000,30838.73,60823
1721001600000,30905.88,64769
1721088000000,30957.49,65081
1721174400000,30977.35,64091
1721260800000,31005.38,63964
1721347200000,31089.84,66705
1721433600000,31106.78,67155
1721520000000,31125.33,68158
1721606400000,31155.07,67562
1721692800000,31243.01,65944
1721779200000,31250.51,65376
1721865600000,31276.97,65796
1721952000000,31320.92,67921
1722038400000,31345.32,67892
1722124800000,31357.46,68264
1722211200000,31381.28,66780
1722297600000,31398.76,66171
1722384000000,31394.67,64612
1722470400000,31429.62,65293
1722556800000,31404.55,61421
1722643200000,31406.45,60672
1722729600000,31397.38,58142
1722816000000,31319.13,54014
1722902400000,31300.79,56053
1722988800000,31297.62,55136
1723075200000,31351.8,61699
1723161600000,31375.78,60860
1723248000000,31417.57,60952
1723334400000,31409.1,58725
1723420800000,31417.15,59362
1723507200000,31418.55,60620
1723593600000,31399.53,58697
1723680000000,31392.46,57557
1723766400000,31395.12,58883
1723852800000,31397.74,59487
1723939200000,31398.07,58430
1724025600000,31407.06,59497
1724112000000,31400.09,59012
1724198400000,31419.76,61159
1724284800000,31428.59,60383
1724371200000,31478.65,64085
1724457600000,31500.91,64174
1724544000000,31507.79,64262
1724630400000,31516.77,62852
1724716800000,31464.79,59427
1724803200000,31452.27,59033
1724889600000,31499.38,59365
1724976000000,31501.35,59113
1725062400000,31508.99,58967
1725148800000,31501.95,57310
1725235200000,31507.19,59133
1725321600000,31491.23,57493
1725408000000,31498.38,57956
1725494400000,31484.56,56158
1725580800000,31460.74,53955
1725667200000,31459.62,54147
1725753600000,31458.3,54866
1725840000000,31487.86,57059
1725926400000,31488.26,57659
1726012800000,31486.19,57342
1726099200000,31497.15,58139
1726185600000,31551.91,60545
1726272000000,31556.98,60012
1726358400000,31558.39,59130
1726444800000,31564.19,58212
1726531200000,31588.66,60316
1726617600000,31623.14,61757
1726704000000,31659.5,62940
1726790400000,31705.84,63211
1726876800000,31722.24,63364
1726963200000,31731.33,63563
1727049600000,31768.37,63325
1727136000000,31795.66,64260
1727222400000,31829.71,63147
1727308800000,31872.48,65175
1727395200000,31904.73,65781
1727481600000,31927.64,65876
1727568000000,31936.04,65601
1727654400000,31934.11,63302
1727740800000,31919.58,60807
1727827200000,31915.5,60634
1727913600000,31914.59,60745
1728000000000,31936.94,62081
1728086400000,31942.96,62063
1728172800000,31953.27,62814
1728259200000,31961.06,62212
1728345600000,32229.69,62133
1728432000000,32228.44,60582
1728518400000,32215.9,60278
1728604800000,32309.43,62452
1728691200000,32335.77,63194
1728777600000,32348.1,62849
1728864000000,32394.49,66070
1728950400000,32480.56,67061
1729036800000,32523.97,67622
1729123200000,32555.57,67392
1729209600000,32593.68,68420
1729296000000,32616.43,68359
1729382400000,32694.39,69011
1729468800000,32776.99,67340
1729555200000,32803.82,67382
1729641600000,32818.53,66601
1729728000000,32848.14,68155
1729814400000,32861.49,66578
1729900800000,32872.69,67003
1729987200000,32884.97,67938
1730073600000,32933.18,69918
1730160000000,33036.37,72729
1730246400000,33079,72331
1730332800000,33096.14,70231
1730419200000,33128.75,69490
1730505600000,33142.06,69330
1730592000000,33150.8,68738
1730678400000,33179,67818
1730764800000,33206.41,69386
1730851200000,33401.78,75637
1730937600000,33482.11,75921
1731024000000,33566.28,76561
1731110400000,33591.04,76722
1731196800000,33684.41,80425
1731283200000,33954.81,88770
1731369600000,34184.82,88031
1731456000000,34432.64,90521
1731542400000,34631.3,87333
1731628800000,34823.07,91070
1731715200000,34876.63,90608
1731801600000,34908.21,89861
1731888000000,35010.09,90512
1731974400000,35256.41,92424
1732060800000,35468.62,94373
1732147200000,36013,98451
1732233600000,36273.66,99013
1732320000000,36415.07,97775
1732406400000,36495.21,98007
1732492800000,36581.94,93035
1732579200000,36674.72,91928
1732665600000,36808.55,95978
1732752000000,36898.12,95661
1732838400000,37010.7,97512
1732924800000,37041.81,96441
1733011200000,37081.87,97291
1733097600000,37200.35,95859
1733184000000,37324.82,95926
1733270400000,37491.83,98773
1733356800000,37824.56,97057
1733443200000,38143.55,99898
1733529600000,38188.96,99929
1733616000000,38232.98,101204
1733702400000,38511.14,97468
1733788800000,38656.91,96648
1733875200000,38833.83,101201
1733961600000,38896.33,100068
1734048000000,39000.09,101435
1734134400000,39043.25,101382
1734220800000,39122.99,104427
1734307200000,39322.85,106073
1734393600000,39547.42,106187
1734480000000,39638.49,100153
1734566400000,39870.44,97375
1734652800000,40010.98,97760
1734739200000,40028.35,97211
1734825600000,40048.21,95098
1734912000000,40377.99,94750
1734998400000,40532.28,98596
1735084800000,40557.71,99374
1735171200000,40591.5,95687
1735257600000,40656.44,94168
1735344000000,40680.48,95139
1735430400000,40725.02,93557
1735516800000,40844.58,92628
1735603200000,40931.02,93381
1735689600000,40998.91,94388
1735776000000,41061.59,96907
1735862400000,41104.47,98133
1735948800000,41128.65,98209
1736035200000,41146.63,98327
1736121600000,41233.93,102280
1736208000000,41308.22,96946
1736294400000,41327.14,95065
1736380800000,41323.93,92542
1736467200000,41363.36,94702
1736553600000,41378.57,94568
1736640000000,41392.63,94497
1736726400000,41415.41,94505
1736812800000,41465.27,96523
1736899200000,41560.49,100512
1736985600000,41658.1,99975
1737072000000,41770.47,104119
1737158400000,41833.17,104436
1737244800000,41864.78,101237
1737331200000,41938.04,102141
1737417600000,42061.43,106149
1737504000000,42163.73,103632
1737590400000,42411.41,103933
1737676800000,42461.01,104855
1737763200000,42490.7,104738
1737849600000,42504.04,102573
1737936000000,42563.36,102090
1738022400000,42599.39,101292
1738108800000,42636.89,103747
1738195200000,42692.83,104738
1738281600000,42724.56,102412
1738368000000,42736.97,100638
1738454400000,42741.94,97675
1738540800000,42811.09,101457
1738627200000,42882,97786
1738713600000,42962.53,96614
1738800000000,43018.85,96573
1738886400000,43037.26,96535
1738972800000,43052.9,96472
1739059200000,43123.75,96477
1739145600000,43146.97,97469
1739232000000,43181.96,95754
1739318400000,43211.93,97882
1739404800000,43223.1,96627
1739491200000,43248.8,97520
1739577600000,43269.13,97591
1739664000000,43271.02,96132
1739750400000,43277.43,95772
1739836800000,43294.88,95612
1739923200000,43313.81,96642
1740009600000,43343.5,98337
1740096000000,43356.38,96131
1740182400000,43383.76,96572
1740268800000,43393.95,96262
1740355200000,43388.03,91554
1740441600000,43387.54,88576
1740528000000,43338.14,84071
1740614400000,43352.12,84639
1740700800000,43345.07,84321
1740787200000,43345.31,86033
1740873600000,43406.02,94273
1740960000000,43379.52,86160
1741046400000,43384.93,87240
1741132800000,43415.33,90611
1741219200000,43468.66,89918
1741305600000,43462.32,86759
1741392000000,43464.8,86192
1741478400000,43450.14,80708
1741564800000,43434.89,78561
1741651200000,43467.98,82869
1741737600000,43499.04,83620
1741824000000,43490.15,81079
1741910400000,43515.37,83975
1741996800000,43520.67,84347
1742083200000,43521.1,82555
1742169600000,43523.54,84058
1742256000000,43525.49,82715
1742342400000,43563.78,86868
1742428800000,43577.74,84158
1742515200000,43573.28,84061
1742601600000,43587.9,83823
1742688000000,43598.94,86084
1742774400000,43623.28,87512
1742860800000,43636.23,87436
1742947200000,43649.14,86913
1743033600000,43661.02,87219
1743120000000,43704.78,84379
1743206400000,43696.84,82608
1743292800000,43690.24,82359
1743379200000,43683.83,82538
1743465600000,43690.05,85170
1743552000000,43704.77,82502
1743638400000,43770.49,83132
1743724800000,43786.93,83851
1743811200000,43792.35,83507
1743897600000,43777.96,78342
1743984000000,43795.07,79127
1744070400000,43768.44,76244
1744156800000,43817.93,82595
1744243200000,43827.46,79543
1744329600000,43848.46,83384
1744416000000,43866.06,85274
1744502400000,43880.52,83712
1744588800000,43902.58,84583
1744675200000,43861.47,83686
1744761600000,43879.01,84046
1744848000000,43780.86,84954
1744934400000,43788.25,84468
1745020800000,43790.15,85069
1745107200000,43797.31,85198
1745193600000,43828.79,87505
1745280000000,43919.3,93481
1745366400000,44057.94,93730
1745452800000,44124.88,94010
1745539200000,44281.77,94726
1745625600000,44304.26,94662
1745712000000,44317.83,93769
1745798400000,44382.06,95041
1745884800000,44449.7,94285
1745971200000,44489.49,94181
1746057600000,44553.03,96535
1746144000000,44617.51,96925
1746230400000,44639.08,95916
1746316800000,44641.33,94316
1746403200000,44733.94,94725
1746489600000,44817.82,96814
1746576000000,44872.51,97054
1746662400000,44982.16,103261
1746748800000,45076.92,102991
1746835200000,45108.45,104809
1746921600000,45136.14,104129
1747008000000,45197.54,102796
1747094400000,45328.56,104135
1747180800000,45380.87,103531
1747267200000,45492.99,103793
1747353600000,45549.23,103506
1747440000000,45567.82,103153
1747526400000,45603.94,106520
1747612800000,45710.64,105622
1747699200000,45811.09,106855
1747785600000,45945.22,109682
1747872000000,46073.48,111743
1747958400000,46132.6,107329
1748044800000,46157.86,107799
1748131200000,46189.17,109068
1748217600000,46305.89,109468
1748304000000,46434.64,108980
1748390400000,46502.31,107811
1748476800000,46576.04,105578
1748563200000,46614.07,104034
1748649600000,46623.71,104646
1748736000000,46640.93,105705
1748822400000,46782.71,105905
1748908800000,46886.94,105454
1748995200000,46963.23,104745
1749081600000,46960.25,101559
1749168000000,46996,104393
1749254400000,47025.4,105619
1749340800000,47050.3,105792
1749427200000,47114.94,110307
1749513600000,47193.17,110292
1749600000000,47238.01,108678
1749686400000,47250.22,105731
1749772800000,47334.88,106118
1749859200000,47344.72,105464
1749945600000,47364.36,105617
1750032000000,47455.62,106829
1750118400000,47464.71,104584
1750204800000,47504.56,104922
1750291200000,47532.89,104688
1750377600000,47553.16,103316
1750464000000,47566.53,102139
1750550400000,47585.18,101015
1750636800000,47649.29,105464
1750723200000,47714.38,106131
1750809600000,47786.32,107418
1750896000000,47888.77,107004
1750982400000,47997.14,107100
1751068800000,48011.51,107348
1751155200000,48040.37,108384
1751241600000,48154.1,107179
1751328000000,48186.07,105709
1751414400000,48244.73,108885
1751500800000,48323.7,109648
1751587200000,48776.85,108033
1751673600000,48790,108240
1751760000000,48809.98,109233
1751846400000,48889.03,108287
1751932800000,48976.99,108947
1752019200000,49102.53,111287
1752105600000,49201.74,116031
1752192000000,49364.65,117579
1752278400000,49446.5,117464
1752364800000,49493.61,119135
1752451200000,49677.34,119879
1752537600000,49775.67,117769
1752624000000,50093.9,118718
1752710400000,50302,119275
1752796800000,50389.43,118022
1752883200000,50452.54,117916
1752969600000,50477.28,117339
1753056000000,50564.75,117437
1753142400000,50710.55,120011
1753228800000,50815.94,118813
1753315200000,50884.95,118347
1753401600000,50995.69,117653
1753488000000,51023.58,117962
1753574400000,51055.83,119469
1753660800000,51113.58,118051
1753747200000,51206.34,117926
1753833600000,51276.65,117834
1753920000000,51304.19,115750
1754006400000,51315.02,113243
1754092800000,51325.21,112522
1754179200000,51363.83,114226
1754265600000,51401.54,115051
1754352000000,51438.91,114133
1754438400000,51458.59,115030
1754524800000,51542.11,117515
1754611200000,51593.91,116675
1754697600000,51611.11,116495
1754784000000,51643.63,119310
1754870400000,51687.14,118712
1754956800000,51764.76,120107
1755043200000,51859.74,123360
1755129600000,51910.57,118394
1755216000000,51950,117446
1755302400000,52118.32,117460
1755388800000,52133.13,117490
1755475200000,52143.79,116265
1755561600000,52188.9,112870
1755648000000,52224.15,114263
1755734400000,52238.82,112472
1755820800000,52335.58,116891
1755907200000,52356.51,115392
1755993600000,52361.92,113478
1756080000000,52368.87,110136
1756166400000,52399.31,111788
1756252800000,52419.99,111273
1756339200000,52479.83,112581
1756425600000,52679.95,108362
1756512000000,52697.98,108827
1756598400000,52703.03,108269
1756684800000,52730.87,109244
1756771200000,52757.25,111238
1756857600000,52778.96,111759
1756944000000,52824.63,110747
1757030400000,52932,110669
1757116800000,52947.63,110223
1757203200000,52968.18,111144
1757289600000,53003.57,112098
1757376000000,53026.95,111531
1757462400000,53076.98,113988
1757548800000,53134.01,115533
1757635200000,53181.8,116108
1757721600000,53213.92,115981
1757808000000,53229.57,115342
1757894400000,53282.36,115387
1757980800000,53338.18,116837
1758067200000,53408.03,116477
1758153600000,53457.23,117125
1758240000000,53550.63,115702
1758326400000,53575.03,115759
1758412800000,53595.11,115292
1758499200000,53590.78,112741
1758585600000,53640.65,112025
1758672000000,53698.9,113339
1758758400000,53728.56,109021
1758844800000,53763.74,109696
1758931200000,53776.54,109679
1759017600000,53800.77,112203
1759104000000,53852.58,114379
1759190400000,53931.43,114065
1759276800000,54138.21,118668
1759363200000,54251.61,120612
1759449600000,54375.57,122308
1759536000000,54436.13,122441
1759622400000,54483.09,123519
1759708800000,54564.24,124728
1759795200000,54743,121395
1759881600000,54850.56,123345
1759968000000,54948.16,121695
1760054400000,54918.55,112996
1760140800000,54917.17,110764
1760227200000,54944.72,115090
1760313600000,54961.1,115265
1760400000000,55059.81,113078
1760486400000,55246.58,110804
1760572800000,55210.99,108206
1760659200000,55245.04,106476
1760745600000,55260.31,107220
1760832000000,55273.8,108684
1760918400000,55291.92,110580
1761004800000,55313.34,108372
1761091200000,55407.8,107595
1761177600000,55456.17,110111
1761264000000,55483.69,111039
1761350400000,55504.39,111668
1761436800000,55556.18,114551
1761523200000,55613.13,114101
1761609600000,55715.91,112925
1761696000000,55779.56,110038
1761782400000,55859.94,108306
1761868800000,55885.66,109554
1761955200000,55923.97,110047
1762041600000,55937.05,110530
1762128000000,55958.3,106548
1762214400000,55918.84,101466
1762300800000,55932.88,103865
1762387200000,55918.25,101284
1762473600000,56097.14,103275
1762560000000,56116.06,102286
1762646400000,56129.94,104705
1762732800000,56174.37,105972
1762819200000,56186.48,103015
1762905600000,56194.41,101635
1762992000000,56169.26,99618
1763078400000,56080.11,94509
1763164800000,56088.32,95539
1763251200000,56080.08,94187
1763337600000,56043.91,92102
1763424000000,56085.68,92911
1763510400000,56045.83,91474
1763596800000,55985.97,86527
1763683200000,55853.75,85060
1763769600000,55991.9,84679
1763856000000,56364.24,86803
1763942400000,56368.62,88277
1764028800000,56360.31,87331
1764115200000,56444.5,90477
1764201600000,56433.44,91325
1764288000000,56415.72,90913
1764374400000,56414.41,90832
1764460800000,56404.18,90382
1764547200000,56374.66,86291
1764633600000,56365.66,91300
1764720000000,56390.66,93472
1764806400000,56388.68,92103
1764892800000,56326.4,89348
1764979200000,56327.19,89249
1765065600000,56330.1,90405
1765152000000,56314.15,90649
1765238400000,56330.16,92695
1765324800000,56398.19,92036
1765411200000,56401.6,92531
1765497600000,56369.52,90275
1765584000000,56372.1,90264
1765670400000,56361.53,88164
1765756800000,56296.22,86412
1765843200000,56298.49,87843
1765929600000,56266.5,86215
1766016000000,56252.93,85460
1766102400000,56255.49,88095
1766188800000,56223.66,88324
1766275200000,56230.56,88636
1766361600000,56229.34,88539
1766448000000,56224.41,87423
1766534400000,56203.93,87605
1766620800000,56204.98,87172
1766707200000,56155.08,87296
1766793600000,56159.23,87810
1766880000000,56148.33,87870
1766966400000,56133.6,87119
1767052800000,56122.79,88390
1767139200000,56087.72,87496
1767225600000,56094.24,88728
1767312000000,56097.99,89952
1767398400000,56102.45,90590
1767484800000,56109.61,91501
1767571200000,56141.65,93876
1767657600000,56162.45,93712
1767744000000,56169.28,91273
1767830400000,56160.67,91031
1767916800000,56138.26,90510
1768003200000,56138.84,90382
1768089600000,56129.2,90872
1768176000000,56124.39,91195
1768262400000,56191.72,95366
1768348800000,56232.9,96942
1768435200000,56248.67,95577
1768521600000,56262.31,95521
1768608000000,56276.57,95113
1768694400000,56278.15,93636
1768780800000,56278.99,92560
1768867200000,56226.59,88316
1768953600000,56215.8,89374
1769040000000,56207.59,89464
1769126400000,55985.67,89493
1769212800000,55983.8,89089
1769299200000,55971.38,86567
1769385600000,55969.43,88247
1769472000000,55976.45,89135
1769558400000,55970.2,89168
1769644800000,55930.93,84530
1769731200000,55897.07,84130
1769817600000,55837.31,78635
1769904000000,55806.84,76888
1769990400000,55769.1,78666
1770076800000,55646.28,75662
1770163200000,55534.46,73000
1770249600000,55202.7,62795
1770336000000,55201.9,70531
1770422400000,55132.85,69246
1770508800000,55132.39,70283
1770595200000,55079.88,70094
1770681600000,55029.9,68802
1770768000000,54975.06,67053
1770854400000,54910.44,66207
1770940800000,54880.68,68812
1771027200000,54882.22,69791
1771113600000,54875.94,68792
1771200000000,54852.94,68867
1771286400000,54825.13,67468
1771372800000,54778.96,66425
1771459200000,54765.39,66973
1771545600000,54719.73,67992
1771632000000,54718.8,67966
1771718400000,54714.04,67612
1771804800000,54659.96,64630
1771891200000,54592.78,64059
1771977600000,54585.89,67994
1772064000000,54577.16,67488
1772150400000,54540.27,65868
1772236800000,54537.69,66985
1772323200000,54525.54,65771
1772409600000,54523.25,68821
1772496000000,54515.9,68336
1772582400000,54528.14,72691
1772668800000,54504.06,70896
1772755200000,54445.57,68114
1772841600000,54435.52,67269
1772928000000,54428.24,65975
1773014400000,54424.52,68453
1773100800000,54425.2,69963
1773187200000,54370.37,70196
1773273600000,54357.84,70529
1773360000000,54358.91,70949
1773446400000,54350.14,71218
1773532800000,54360.82,72831
1773619200000,54388.16,74876
1773705600000,54380.87,73928
1773792000000,54346.57,71259
1773878400000,54325.27,69921
1773964800000,54314.18,70502
1774051200000,54307.13,68910
1774137600000,54329.1,67860
1774224000000,54335.24,70883
1774310400000,54294.08,70519
1774396800000,54280.58,71301
1774483200000,54255.33,68779
1774569600000,54201.61,66359
1774656000000,54185,66321
1774742400000,54178.15,65954
1774828800000,54144.15,66731
1774915200000,54150.95,68215
1775001600000,54144.76,68102
1775088000000,54114.41,66890
1775174400000,54104.16,66944
1775260800000,54102.34,67290
1775347200000,54122.37,68999
1775433600000,54114.58,68857
1775520000000,54137.79,71940
1775606400000,54131.66,71110
1775692800000,54134.69,71812
1775779200000,54148.98,72980
1775865600000,54161.45,73071
1775952000000,54154.48,70746
1776038400000,54186.82,74447
1776124800000,54178.99,74184
1776211200000,54179.12,74818
1776297600000,54186.07,75178
1776384000000,54206.56,77108
1776470400000,54203.57,75737
1776556800000,54192.62,73825
1776643200000,54189.06,75870
1776729600000,54198.18,76345
1776816000000,54181.64,78208
1776902400000,54186.54,78269
1776988800000,54097.15,77466
1777075200000,54099.61,77639
1777161600000,54108.48,78660
1777248000000,54110.81,77373
1777334400000,54104.34,76323
1777420800000,54078.92,75745
1777507200000,54068.21,76310
1777593600000,54095.13,78232
1777680000000,54100.24,78690
1777766400000,54110.74,78565
1777852800000,54167.97,79844
1777939200000,54191.07,80913
1778025600000,54207.4,81447
1778112000000,54205.28,80017
1778198400000,54209.71,80199
1778284800000,54215.74,80665
1778371200000,54228.56,82193
1778457600000,54239.52,81736
1778544000000,54240.01,80491
1778630400000,54236.4,79284
1778716800000,54241.43,81075
1778803200000,54229.8,79062
1778889600000,54228.08,78118
1778976000000,54225.99,77412
1779062400000,54214.2,76949
1779148800000,54192.08,76757
1779235200000,54187.74,77470.5
1779321600000,54183.18,77554
1779408000000,54152.09,75451.01
1779494400000,54154.2,76655.99
1779580800000,54153.82,76974.88
1779667200000,54158.82,77254.92
1779753600000,54141.05,75820.94
1779840000000,54119.27,74330.48
1779926400000,54062.2,73519.16
1780012800000,54022.84,73373.29
1780099200000,54013.62,73762.15
1780185600000,54012.4,73567.99
1780272000000,53970.91,71313.86
1780358400000,53828.06,66668.6
1780444800000,53711.68,64045.64
1780531200000,53654.2,63814.8
1780617600000,53579.78,61042.14
1780704000000,53551.6,60858.64
1780790400000,53562.5,63315.72
1780876800000,53541.11,63061.78
1780963200000,53509.76,61685.44
1781049600000,53467.38,61456.49
1781136000000,53443.28,63558.21
1781222400000,53432.49,63531.04
1781308800000,53434.02,64440
1781395200000,53440.66,65712.5
1781481600000,53425.67,66282.05
1781568000000,53411.16,65612.86
1781654400000,53396.56,64443.27
1781740800000,53368.73,62889.92
1781827200000,53355.51,63487.34
1781913600000,53356.55,64245.72
1782000000000,53383.61,63237.18
1782086400000,53376.3,63948.96
1782172800000,53344.83,62651.43
1782259200000,53311.83,60987
1782345600000,53246.41,59696.26
1782432000000,53194.22,60019.38
1782518400000,53190.14,59940.07
1782604800000,53182.08,59473.29
1782691200000,53136.58,60163.86
1782777600000,53062.54,58526.17
1782864000000,53047.43,59963.46
1782950400000,53038.99,61479.1
1783036800000,53043.66,62522.46
1783123200000,53046.22,63086.18
1783209600000,53048.42,63587.06
1783296000000,53049.98,64000.1
1783382400000,53035.02,63311.3
1783468800000,53020.95,62237.84
1783555200000,53017.08,63185.92
1783641600000,52991.91,64114.25
1783728000000,52990.62,63780.01
1783814400000,52990.76,63743.46
1783900800000,52895.94,62256.81
1783987200000,52884.73,64975.72
1784073600000,52864.33,64713.83
1784160000000,52860.48,63788.02
1784246400000,52850.8,63891.98
1784332800000,52850.25,64792.35
1784419200000,52854.62,64681.58
1784505600000,52865.29,65212.6
1784592000000,52886.05,66518.68
1784678400000,52879.15,66082.49
1784764800000,52871.83,65050.48
1784851200000,52853.63,64086.59
1784937600000,52876.73,64307.9
1785024000000,52879.58,65338.88
1785110400000,52859.93,63697.72
1785196800000,52856.74,63850.53
1785283200000,52855.23,63894.39
1785369600000,52852.48,64716.76
1785456000000,52826.36,62817.96
1785542400000,52778.26,62759.82
1785628800000,52777.21,63499.99